POA_CODE_2021,Median_age_persons,Median_mortgage_repay_monthly,Median_rent_weekly,Median_tot_hhd_inc_weekly
2000,32,2800,625,2225
2007,30,2500,500,1805
2008,28,2600,525,1746
2009,37,2800,580,2422
2010,36,2900,550,2297
2011,39,2500,490,2041
2015,34,2770,558,2607
2016,36,2811,500,2145
2017,32,2600,575,2104
2018,34,2500,520,2017
2019,36,2773,550,2363
2020,30,2600,600,2254
2021,37,3850,595,2823
2022,36,3467,660,2484
2023,39,3900,650,3315
2024,38,3900,655,3197
2025,42,4000,670,3013
2026,34,3400,680,2896
2027,46,3500,750,3027
2028,39,3000,720,3077
2029,40,3250,630,2539
2030,42,4329,715,3481
2031,36,3163,580,2514
2032,35,3000,450,1746
2033,32,2760,500,2118
2034,36,3400,615,2796
2035,40,3000,540,2151
2036,39,2760,520,2050
2037,36,3000,495,2011
2038,38,3467,570,2683
2039,40,3500,650,3196
2040,38,3467,580,2727
2041,43,4000,640,3147
2042,34,3000,540,2328
2043,34,2800,620,3020
2044,36,2900,630,2619
2045,46,3674,530,2761
2046,42,3014,570,2393
2047,42,3200,600,2776
2048,36,3000,490,2395
2049,35,2850,480,2284
2050,33,2817,570,2331
2060,38,3000,580,2463
2061,44,3000,600,2475
2062,40,3033,580,2870
2063,44,4649,740,3874
2064,37,2772,525,2420
2065,37,3000,580,2743
2066,38,3000,520,2754
2067,38,3000,580,2185
2068,42,3900,640,3232
2069,41,3800,633,3310
2070,41,3500,630,2970
2071,42,3467,650,2839
2072,39,3033,577,2460
2073,41,3500,650,3414
2074,44,3500,617,3004
2075,43,3500,700,2965
2076,43,3250,600,2923
2077,38,2350,460,2108
2079,40,2544,525,2505
2080,42,2648,568,2428
2081,41,2600,575,2698
2082,42,2500,580,2449
2083,51,2290,429,1950
2084,47,3200,600,2882
2085,46,3335,900,2770
2086,40,3467,800,3107
2087,43,3400,720,2794
2088,45,3870,590,2892
2089,38,2903,562,2469
2090,41,3153,600,2537
2092,42,4333,875,4184
2093,40,3467,600,2954
2094,39,3467,720,3251
2095,38,3467,725,3164
2096,37,3207,620,2901
2097,41,3033,623,2702
2099,38,2700,550,2187
2100,40,3142,600,2719
2101,43,3000,600,2231
2102,41,3077,750,2598
2103,46,3033,650,2296
2104,58,3691,850,1885
2105,52,3000,595,2601
2106,46,3000,600,2479
2107,47,3297,750,2627
2108,58,3742,850,2702
2110,46,4333,540,3368
2111,40,3000,460,2315
2112,37,2600,472,2094
2113,34,2600,480,2156
2114,37,2480,430,2089
2115,37,2600,420,1993
2116,37,2500,430,1871
2117,39,2600,417,1861
2118,38,2500,500,2084
2119,44,3467,600,3070
2120,42,2817,520,2643
2121,37,2612,500,2304
2122,39,2500,460,1944
2125,43,3033,641,3078
2126,43,3000,695,2924
2127,33,2300,510,2084
2128,35,2167,450,1875
2130,36,2708,460,2260
2131,36,2210,440,1888
2132,42,2700,480,2157
2133,41,2522,410,1843
2134,32,2449,500,1671
2135,32,2765,480,2262
2136,39,2375,460,1943
2137,41,3000,560,2377
2138,34,2573,550,2248
2140,31,2119,450,2042
2141,34,2253,468,1801
2142,31,2000,400,1547
2143,35,2167,400,1561
2144,31,2000,410,1533
2145,35,2239,425,2090
2146,36,2167,425,2116
2147,38,2209,390,1925
2148,35,2142,400,1800
2150,32,2002,425,2055
2151,38,2376,420,1957
2152,39,2300,420,1924
2153,39,2759,540,2496
2154,42,3000,560,2551
2155,35,3000,600,3042
2156,46,3200,600,2756
2157,42,3000,525,2493
2158,45,3074,600,2548
2159,46,2817,480,2400
2160,33,2051,400,1455
2161,32,2152,380,1347
2162,34,2167,400,1404
2163,36,1920,250,993
2164,38,2167,420,1401
2165,38,1950,400,1225
2166,39,1733,350,1325
2167,36,2167,420,2070
2168,35,2000,350,1387
2170,35,2165,395,1566
2171,33,2383,530,2379
2172,38,2708,369,3185
2173,33,2200,500,2495
2174,31,2800,550,2562
2175,45,3250,428,2135
2176,41,2167,460,1664
2177,38,2000,400,1571
2178,43,2200,470,2214
2179,32,2600,540,2224
2190,34,2300,420,1453
2191,40,2500,460,1727
2192,38,2156,380,1456
2193,37,2403,470,2022
2194,36,2000,400,1497
2195,32,1700,350,1234
2196,35,2167,400,1479
2197,34,2383,450,1409
2198,36,2500,520,1779
2199,34,2167,400,1438
2200,34,1973,410,1392
2203,38,2500,470,2096
2204,37,2600,480,2166
2205,32,2383,520,2117
2206,44,2800,550,2139
2207,40,2421,480,1938
2208,42,2600,500,1898
2209,40,2300,420,1697
2210,41,2500,370,1691
2211,40,2443,470,1898
2212,38,2500,460,1941
2213,39,2600,470,2116
2214,39,2600,538,2117
2216,37,2218,460,1792
2217,38,2333,460,1900
2218,37,2167,440,1833
2219,45,2600,500,1856
2220,34,2200,470,1841
2221,42,3000,520,2261
2222,38,2168,400,1840
2223,40,2600,440,2229
2224,45,2817,550,2085
2225,40,3165,655,3204
2226,40,2800,460,2569
2227,40,2817,525,2338
2228,40,2600,490,2009
2229,41,3000,500,2235
2230,42,2600,500,2199
2231,38,2600,550,2161
2232,39,2500,460,2157
2233,40,2600,500,2385
2234,41,2700,600,2743
2250,41,2000,400,1630
2251,46,2167,450,1717
2256,48,2000,380,1293
2257,47,2140,400,1390
2258,41,2000,400,1960
2259,41,1950,410,1532
2260,42,2492,510,2161
2261,42,2000,385,1455
2262,39,1733,385,1350
2263,44,1733,350,1157
2264,47,1759,395,1344
2265,40,2072,380,1648
2267,54,1830,340,1339
2278,39,1750,360,1892
2280,45,2000,360,1598
2281,49,2000,370,1400
2282,45,2167,430,1825
2283,47,1748,345,1441
2284,42,1907,365,1611
2285,36,1928,400,1859
2286,37,1800,400,1695
2287,36,1928,400,1746
2289,38,2167,420,2115
2290,40,1993,390,1771
2291,40,2500,430,2302
2292,35,1961,400,1761
2293,35,2000,480,1970
2294,36,1950,430,1766
2295,45,2167,430,1481
2296,35,2000,430,1828
2297,36,1810,400,2084
2298,36,1896,380,1617
2299,34,1950,370,1486
2300,38,2225,435,1933
2302,42,1929,465,1684
2303,42,2167,360,1654
2304,37,1875,380,1591
2305,41,2167,400,1992
2306,37,1478,186,775
2307,33,1679,377,1344
2308,20,0,0,0
2311,46,1733,270,1346
2312,49,1517,330,1266
2315,54,1887,390,1310
2316,52,1842,395,1287
2317,57,1840,380,1169
2318,40,1950,420,1844
2319,50,1517,365,1111
2320,37,1850,373,1807
2321,34,1950,427,1963
2322,34,1800,370,1811
2323,39,1733,350,1541
2324,47,1560,330,1254
2325,39,1530,320,1360
2326,38,1517,315,1373
2327,39,1430,320,1248
2328,42,1733,280,1473
2329,45,1224,240,1224
2330,37,1820,335,1952
2331,21,0,0,1625
2333,36,1517,300,1640
2334,33,1755,360,1929
2335,34,1963,415,2207
2336,42,1602,270,1505
2337,40,1668,290,1561
2338,52,1100,250,1006
2339,45,1500,190,1312
2340,38,1517,300,1468
2341,50,906,220,941
2342,43,1543,255,1487
2343,46,1138,240,1229
2344,47,1562,320,1712
2345,43,1300,290,1493
2346,48,1170,260,1083
2347,55,758,187,852
2350,36,1500,290,1459
2352,40,1400,320,1396
2353,50,1484,220,1354
2354,50,1083,200,1242
2355,53,1067,300,949
2356,54,698,23,860
2357,50,1000,206,1145
2358,47,1300,250,1213
2359,48,910,190,987
2360,42,1261,270,1212
2361,52,658,185,917
2365,45,1192,250,1146
2369,47,867,180,890
2370,48,1083,225,955
2371,57,867,163,765
2372,56,1159,250,933
2379,43,575,200,1474
2380,37,1517,300,1590
2381,42,968,250,1284
2382,43,1200,290,1477
2386,48,0,110,1328
2387,33,0,50,1781
2388,40,1040,200,1292
2390,40,1454,260,1604
2395,54,613,150,777
2396,50,672,157,1033
2397,45,680,165,1292
2398,42,618,200,1562
2399,42,867,190,1615
2400,38,1300,230,1592
2401,42,815,160,1406
2402,49,1000,228,972
2403,44,1008,200,1062
2404,57,1083,200,889
2405,43,600,173,1343
2406,41,884,170,1204
2408,40,0,140,1839
2409,36,867,160,1150
2410,49,600,150,1055
2411,38,269,200,2416
2415,50,1625,220,1366
2420,50,1600,300,1235
2421,42,2167,300,1867
2422,55,1300,275,1053
2423,55,1300,300,1040
2424,48,1133,235,1105
2425,47,1733,310,1366
2426,46,1387,300,1125
2427,64,1517,340,889
2428,58,1517,330,980
2429,51,1387,300,1126
2430,49,1500,305,1107
2431,58,1517,330,997
2439,54,1600,350,1242
2440,45,1300,295,1126
2441,50,1500,290,1123
2443,61,1517,330,913
2444,47,1800,385,1306
2445,52,1842,410,1330
2446,44,1733,350,1347
2447,50,1400,320,1048
2448,55,1495,297,931
2449,48,1083,250,965
2450,44,1733,370,1386
2452,45,1603,370,1260
2453,55,1220,280,965
2454,47,1517,370,1327
2455,55,1647,340,1071
2456,43,1798,395,1404
2460,45,1300,300,1165
2462,53,1200,280,944
2463,52,1517,340,1129
2464,56,1608,400,1141
2465,45,1300,330,1101
2466,62,1300,300,834
2469,54,1065,240,847
2470,44,1300,280,1145
2471,44,1517,300,1258
2472,45,1517,300,1218
2473,54,1601,320,1058
2474,51,1300,280,1003
2475,53,867,210,845
2476,53,1083,200,918
2477,47,1733,390,1451
2478,48,2000,430,1403
2479,43,2315,550,2048
2480,44,1517,310,1326
2481,40,2383,600,1792
2482,46,1950,460,1333
2483,44,1898,480,1442
2484,47,1733,350,1263
2485,52,1700,380,1096
2486,48,1891,420,1278
2487,46,2230,480,1542
2488,41,1860,450,1610
2489,43,2036,500,1430
2490,40,2167,350,1989
2500,34,2056,400,1621
2502,39,1755,330,1138
2505,42,1950,340,1308
2506,40,1733,290,1217
2508,39,2540,530,2548
2515,42,2600,550,2418
2516,40,2525,370,2331
2517,42,2167,400,1806
2518,41,2167,340,1434
2519,41,2240,400,1685
2525,40,2229,430,2042
2526,39,2167,370,2000
2527,35,2167,450,1884
2528,45,1842,350,1166
2529,40,2167,470,1878
2530,39,2000,410,1653
2533,48,2240,480,1805
2534,47,2167,500,1925
2535,57,2167,400,1384
2536,53,1550,350,1184
2537,55,1517,320,1222
2538,54,1733,380,1353
2539,53,1625,350,1141
2540,49,1733,360,1275
2541,40,1692,320,1235
2545,55,1300,300,1187
2546,59,1473,290,1019
2548,55,1625,343,1228
2549,51,1517,330,1307
2550,49,1421,300,1245
2551,53,1517,270,1015
2555,40,1300,505,1271
2556,42,2167,500,1833
2557,31,2600,530,2453
2558,36,1950,400,1878
2559,28,2500,222,1141
2560,35,2000,380,1609
2563,37,2167,500,1924
2564,36,1800,340,1378
2565,34,2470,420,2025
2566,35,2000,380,1772
2567,34,2379,470,2423
2568,54,2500,450,1476
2569,42,2368,446,2250
2570,33,2513,500,2281
2571,36,2400,415,2326
2572,39,2318,420,1756
2573,34,2167,410,1739
2574,40,2167,415,1841
2575,42,2167,430,1772
2576,56,2370,495,1677
2577,47,2004,400,1667
2578,59,1820,400,1289
2579,46,2000,380,1589
2580,42,1700,320,1470
2581,42,1885,300,2118
2582,42,2100,350,2175
2583,52,1300,270,1267
2584,45,1300,280,1433
2585,44,1047,200,1111
2586,50,1300,240,1232
2587,49,1027,220,1126
2588,54,1042,200,1416
2590,51,1128,220,1035
2594,42,1300,250,1186
2619,38,2405,490,3403
2620,37,2167,340,2181
2621,40,2383,500,2939
2622,50,1733,350,1428
2623,40,1309,300,1644
2624,31,0,252,1437
2625,37,2659,400,1666
2626,45,1902,350,2202
2627,35,1800,410,2124
2628,45,1336,280,1531
2629,58,1083,285,1008
2630,46,1300,290,1446
2631,50,934,260,1222
2632,47,1083,200,1307
2633,55,806,150,817
2640,39,1517,280,1570
2641,39,1300,250,1172
2642,41,1473,256,1786
2643,49,1300,290,1293
2644,49,1250,200,1301
2645,58,490,110,933
2646,51,1192,220,1165
2647,53,1509,270,1185
2648,51,910,200,1066
2649,38,1000,0,1375
2650,36,1517,300,1629
2651,25,1300,310,1788
2652,42,1257,225,1504
2653,46,1146,220,1304
2655,42,1300,245,1382
2656,49,867,194,1184
2658,49,997,200,1069
2659,45,953,230,1209
2660,44,1021,203,1190
2661,23,0,254,2386
2663,39,1250,260,1375
2665,48,700,150,1087
2666,47,1183,230,1231
2668,48,650,190,864
2669,43,520,100,1167
2671,42,1200,225,1432
2672,40,867,160,1116
2675,36,884,220,1506
2678,20,0,315,2750
2680,37,1500,300,1743
2681,40,1300,250,1685
2700,44,1083,209,1164
2701,42,1498,265,1444
2702,48,867,200,1175
2703,25,1083,200,1256
2705,38,1300,250,1429
2706,44,1083,200,1312
2707,43,867,180,1559
2710,47,1083,220,1211
2711,47,884,175,1269
2712,53,943,178,1020
2713,49,953,168,1085
2714,59,1300,250,1069
2715,46,936,200,1253
2716,50,842,175,1239
2717,45,1083,180,1095
2720,43,1387,250,1336
2721,45,433,140,959
2722,44,1213,220,1327
2725,53,1013,155,986
2726,43,964,185,1303
2727,38,997,125,1781
2729,47,1240,200,1345
2730,50,867,180,1049
2731,49,1625,311,1347
2732,56,1102,180,1058
2733,46,800,150,1187
2734,45,1628,275,2012
2735,45,867,220,1218
2736,40,1083,210,1431
2737,36,1083,250,1612
2738,37,1733,250,2064
2739,38,1300,203,1438
2745,35,2429,480,2498
2747,33,2200,400,1925
2748,47,2550,450,2279
2749,34,2167,410,2118
2750,37,2079,390,1654
2752,35,2383,410,2335
2753,39,2167,400,1848
2754,39,2372,410,1764
2756,36,2200,400,2055
2757,43,2500,460,1941
2758,43,2530,440,2386
2759,36,2167,440,2134
2760,34,2000,380,1575
2761,33,2167,430,2223
2762,31,2757,550,2716
2763,35,2383,450,2369
2765,33,2817,540,2572
2766,37,2167,420,1996
2767,36,2200,380,2004
2768,37,2600,580,2981
2769,35,3000,643,3285
2770,33,1800,320,1326
2773,45,2500,480,2472
2774,40,2214,420,2228
2775,53,1684,295,1188
2776,40,2077,420,2152
2777,44,2167,425,2014
2778,45,2000,420,1942
2779,41,1950,400,1794
2780,50,1733,380,1238
2782,50,2080,430,1528
2783,45,1849,387,1519
2784,45,1900,400,1765
2785,53,1733,380,1343
2786,51,1590,380,1225
2787,48,1517,280,1380
2790,47,1517,270,1184
2791,53,1549,195,1359
2792,49,1517,240,1481
2793,55,867,185,916
2794,46,1231,230,1115
2795,39,1733,320,1593
2797,47,1318,250,1488
2798,44,1993,320,2074
2799,40,1408,260,1426
2800,37,1733,330,1713
2803,54,1192,200,1187
2804,48,1206,220,1164
2805,47,1029,208,992
2806,50,1192,210,1245
2807,52,940,220,806
2808,57,867,200,1034
2809,53,582,200,1037
2810,52,1033,200,1048
2817,45,1083,148,1166
2818,41,1387,300,1469
2820,41,1083,230,1122
2821,39,1213,250,1318
2822,45,1300,200,1292
2823,43,1056,180,1306
2824,46,1050,200,1276
2825,41,1083,200,1451
2826,46,1520,165,1375
2827,46,1083,200,1133
2828,44,460,160,1107
2829,38,906,190,1279
2830,36,1582,310,1695
2831,41,1300,250,1528
2832,38,867,175,1359
2833,39,759,180,1042
2834,53,867,195,793
2835,36,1159,200,1811
2836,36,894,150,1071
2838,41,1300,170,780
2839,35,733,150,1017
2840,36,940,180,1536
2842,46,737,200,941
2843,47,1000,170,1162
2844,51,1083,200,1020
2845,39,1517,275,1424
2846,55,1062,230,787
2847,46,1272,250,1150
2848,54,871,220,703
2849,52,1394,270,1172
2850,40,1733,360,1671
2852,42,1517,300,1365
2864,44,1517,265,1375
2865,44,1300,210,1434
2866,42,1621,270,1397
2867,41,940,210,1257
2868,45,1000,195,1190
2869,49,975,195,1056
2870,39,1300,260,1405
2871,42,1257,230,1249
2873,52,813,120,962
2874,50,345,100,931
2875,50,780,160,1160
2876,40,1100,200,1353
2877,39,952,200,1282
2878,42,100,150,1395
2879,52,650,176,841
2880,44,867,220,1182
2898,46,1400,310,1699
3000,28,1733,370,1306
3002,42,2383,480,2345
3003,31,2106,388,1788
3004,37,2000,451,2090
3006,31,1900,411,1927
3008,32,2000,411,1957
3011,34,2000,369,1896
3012,35,2100,370,1987
3013,37,2500,462,2485
3015,38,2500,460,2556
3016,45,2600,450,2382
3018,42,2200,390,1861
3019,34,1859,312,1451
3020,37,1733,340,1428
3021,37,1500,325,1238
3022,37,1700,340,1452
3023,35,1869,381,1905
3024,31,1800,350,1995
3025,37,2167,400,1695
3026,32,1976,397,2242
3027,31,2167,420,2582
3028,38,1733,341,1634
3029,31,1900,371,1960
3030,34,2000,371,2057
3031,35,2119,361,1947
3032,36,2167,381,2057
3033,43,2167,406,1911
3034,45,2167,400,1587
3036,46,2167,400,2043
3037,36,1838,370,2047
3038,44,1800,381,1922
3039,38,2167,400,2111
3040,39,2383,385,2199
3041,40,2383,391,2191
3042,40,2113,410,1853
3043,41,1900,375,1505
3044,37,2167,401,2095
3045,37,1700,0,0
3046,35,2000,371,1727
3047,32,1449,330,1159
3048,34,1443,341,1225
3049,40,1820,360,1741
3051,31,2035,381,1717
3052,26,2000,396,1885
3053,27,1875,365,1291
3054,34,2600,541,2355
3055,34,2000,366,1797
3056,34,2156,441,2095
3057,33,2000,421,2088
3058,37,2167,421,2046
3059,35,2167,430,2262
3060,35,1876,376,1428
3061,38,1600,320,1110
3062,52,800,115,1187
3063,45,2167,356,2410
3064,31,1900,381,1822
3065,35,2500,451,2194
3066,33,2167,425,2130
3067,33,2167,424,2196
3068,36,2600,500,2406
3070,37,2400,475,2287
3071,37,2200,391,1971
3072,37,2000,392,1844
3073,38,1986,360,1541
3074,39,1690,350,1225
3075,37,1775,351,1348
3076,35,1733,361,1671
3078,38,2277,396,2166
3079,41,2500,431,2328
3081,35,2080,351,1597
3082,40,1748,366,1735
3083,37,1988,380,1632
3084,41,2383,411,2175
3085,39,2250,381,2069
3087,39,2037,390,1962
3088,41,2167,401,2076
3089,39,2167,430,2508
3090,44,2600,392,3190
3091,47,2600,450,2600
3093,45,2200,400,2160
3094,41,2167,420,2076
3095,43,2288,450,2506
3096,42,2167,420,2425
3097,44,3000,365,2706
3099,43,2025,391,2162
3101,41,3000,476,2497
3102,41,3000,471,2490
3103,43,3000,460,2014
3104,42,3078,554,2346
3105,45,2400,459,1813
3106,46,2700,513,2163
3107,45,2500,476,1919
3108,41,2167,450,1593
3109,41,2400,462,1792
3111,45,2500,450,2100
3113,44,2300,500,2751
3114,45,3000,601,3155
3115,45,2300,491,2790
3116,38,2167,443,2084
3121,34,2298,450,2283
3122,34,2259,400,2145
3123,36,2500,415,2253
3124,43,3000,486,2457
3125,34,2500,411,1684
3126,46,3500,515,2875
3127,42,2817,461,2448
3128,34,2088,391,1441
3129,39,2492,438,1920
3130,41,2300,415,1987
3131,40,2167,395,1806
3132,39,2167,406,2030
3133,43,2383,460,1995
3134,39,2100,386,1949
3135,39,2100,386,1964
3136,40,2000,391,1806
3137,39,1966,395,1758
3138,37,2000,400,1994
3139,39,1820,355,1887
3140,40,1950,369,1764
3141,33,2100,415,2063
3142,47,3152,486,2533
3143,38,2458,421,2196
3144,44,3200,451,2654
3145,38,2801,416,2339
3146,40,2830,450,2491
3147,40,2751,410,2273
3148,35,2250,421,1991
3149,40,2600,476,2066
3150,43,2500,480,1882
3151,41,2147,439,1610
3152,42,2167,431,1901
3153,38,1824,370,1631
3154,40,1950,365,2018
3155,39,1870,376,1621
3156,40,2000,390,1948
3158,41,1950,390,2171
3159,41,2000,395,2298
3160,40,1852,376,2180
3161,37,2500,422,2205
3162,41,2798,483,2289
3163,36,2093,391,1926
3165,40,2500,500,2215
3166,37,2167,415,1980
3167,40,2200,418,1915
3168,28,2000,396,1508
3169,37,2000,385,1616
3170,40,2167,430,1913
3171,36,1750,357,1402
3172,41,1886,371,1715
3173,36,2167,421,1991
3174,36,1682,341,1394
3175,36,1675,321,1313
3177,34,1500,320,1262
3178,41,2055,441,2205
3179,40,2023,406,1965
3180,41,2000,421,1762
3181,34,2200,420,2085
3182,37,2000,381,1803
3183,34,2167,396,2022
3184,38,2300,415,2096
3185,38,2400,421,2153
3186,48,3467,600,2710
3187,45,3300,600,2544
3188,43,3000,471,2405
3189,39,2300,431,2031
3190,40,2300,430,2119
3191,47,2708,460,2313
3192,40,2200,430,1921
3193,48,3000,577,2546
3194,42,2167,392,1889
3195,42,2200,421,2201
3196,41,2080,396,1832
3197,44,2100,420,1853
3198,40,1850,351,1500
3199,40,1845,350,1522
3200,37,1408,315,1128
3201,36,1733,370,1658
3202,41,2224,471,2088
3204,39,2500,461,2233
3205,39,2200,421,2101
3206,46,3467,600,2659
3207,42,2500,540,2372
3211,42,2167,427,2005
3212,37,1733,370,1966
3213,39,1897,350,2141
3214,36,1265,270,1063
3215,41,1625,340,1452
3216,38,1733,360,1724
3217,30,1842,425,2204
3218,37,1950,330,1752
3219,42,1408,305,1228
3220,40,2100,360,1891
3221,43,2167,370,2481
3222,45,1700,375,1466
3223,59,1667,340,1139
3224,43,1625,370,1539
3225,61,2000,400,1508
3226,43,2000,420,1837
3227,47,2251,440,2228
3228,40,2167,500,2282
3230,54,2167,405,1701
3231,56,2167,350,1785
3232,56,2167,363,1525
3233,53,1703,300,1172
3234,51,1733,301,1325
3235,47,1690,200,1694
3236,52,1509,290,1091
3237,51,1000,195,900
3238,52,1257,160,1390
3239,49,1083,200,1187
3240,40,2119,330,2340
3241,43,1600,290,1516
3242,43,1517,300,1521
3243,48,1500,300,1474
3249,46,1476,250,1434
3250,42,1300,260,1250
3251,50,1300,220,1308
3254,33,1300,230,1485
3260,49,1153,230,1256
3264,49,1066,225,1162
3265,41,1343,200,1772
3266,47,1200,220,1298
3267,51,800,260,1600
3268,44,1200,239,1466
3269,42,1543,240,1614
3270,54,1400,275,1383
3271,49,867,160,1312
3272,48,945,215,1017
3273,53,1083,175,1687
3274,43,650,150,1125
3275,35,1540,230,2073
3276,43,1083,200,1566
3277,42,1500,250,1709
3278,43,1343,250,1803
3279,34,1517,233,2078
3280,42,1408,295,1401
3281,41,1650,300,2076
3282,42,1452,280,1507
3283,45,1517,263,1754
3284,51,1733,300,1465
3285,47,1430,220,1639
3286,51,845,150,1131
3287,41,1189,170,1758
3289,49,834,180,1120
3292,60,1235,230,1104
3293,48,433,200,1256
3294,47,1083,220,1349
3300,45,1083,236,1251
3301,48,1260,200,1697
3302,48,1092,170,1442
3303,45,1042,185,1607
3304,49,952,180,1146
3305,47,1170,250,1248
3309,49,520,120,1041
3310,58,698,100,789
3311,58,700,160,887
3312,49,800,120,1408
3314,45,1083,175,1656
3315,51,700,145,1068
3317,49,487,85,1550
3318,53,867,162,1011
3319,54,503,113,1333
3321,38,1949,300,2146
3322,52,917,250,857
3323,51,1000,200,1354
3324,49,650,150,977
3325,54,861,150,985
3328,37,1950,400,2171
3329,41,1315,300,1702
3330,41,867,215,1286
3331,36,1850,390,2059
3332,38,1733,350,1955
3333,45,1517,300,1657
3334,48,1559,200,1613
3335,31,1900,371,1876
3336,31,2150,421,2304
3337,34,1538,321,1462
3338,31,1712,341,1642
3340,37,1733,340,1806
3341,43,1777,360,2115
3342,43,1647,330,1612
3345,43,1733,320,2012
3350,39,1517,300,1503
3351,41,1500,280,1684
3352,40,1600,322,1858
3355,43,1254,260,1062
3356,39,1250,270,1112
3357,45,1733,305,1745
3358,29,1600,390,2013
3360,48,1127,280,1187
3361,51,867,190,964
3363,49,1300,275,1178
3364,47,1553,207,1458
3370,52,1127,220,1048
3371,56,964,190,900
3373,51,1213,231,1111
3374,52,1231,200,1474
3375,47,888,169,1458
3377,45,1083,250,1239
3378,38,800,135,1481
3379,52,677,150,1173
3380,47,973,210,1127
3381,48,1300,250,1472
3384,52,867,155,1125
3385,52,867,196,1259
3387,48,813,170,1169
3388,51,650,165,1115
3390,47,701,180,1026
3391,50,510,165,1350
3392,56,542,160,968
3393,50,750,180,1137
3395,54,570,80,1080
3396,56,650,150,1120
3400,40,1187,245,1294
3401,44,1387,200,1859
3407,50,659,100,1336
3409,50,780,180,1403
3412,50,566,100,837
3413,51,900,126,1562
3414,52,807,165,1082
3415,52,634,0,3125
3418,46,800,198,1334
3419,51,715,125,1121
3420,38,455,138,1916
3423,56,433,120,785
3424,55,500,100,1077
3427,33,1800,397,1991
3428,45,2100,348,1738
3429,38,1733,361,1924
3430,44,2334,345,1699
3431,42,2000,400,2150
3432,51,2000,550,1792
3433,41,2268,190,2222
3434,39,1950,371,2071
3435,42,1800,360,1887
3437,40,2167,421,2318
3438,41,1950,451,2279
3440,44,2213,371,2353
3441,48,2604,330,2647
3442,46,2000,391,2124
3444,47,1785,351,1663
3446,46,1300,350,1614
3447,52,1534,277,1468
3448,50,1584,263,1455
3450,52,1362,300,1110
3451,47,1517,305,1392
3453,49,1586,300,1594
3458,53,1600,350,1537
3460,55,1530,331,1183
3461,52,1517,305,1369
3462,53,1347,300,1146
3463,57,1300,268,1127
3464,45,1092,223,1205
3465,51,1070,240,911
3467,51,1056,210,923
3468,55,943,233,1051
3469,57,858,143,855
3472,56,808,192,777
3475,59,867,178,777
3477,54,867,180,1224
3478,53,867,185,927
3480,51,867,180,1147
3482,54,417,170,1166
3483,47,704,152,1278
3485,58,520,100,876
3487,47,382,100,1687
3488,53,867,53,1771
3489,41,403,0,1125
3490,53,712,163,1151
3491,47,109,173,1018
3494,40,1114,150,1147
3496,41,1083,235,1336
3498,40,1343,260,1606
3500,39,1300,280,1295
3501,40,1733,231,2055
3505,43,1129,220,1338
3506,35,1200,370,1041
3507,52,542,125,900
3509,52,403,150,1260
3512,47,693,110,1278
3515,33,1539,343,1947
3516,47,1133,208,1408
3517,52,867,185,935
3518,56,758,170,932
3520,57,425,134,612
3521,42,1482,290,1661
3522,50,1407,225,1307
3523,56,1300,255,993
3525,55,776,200,991
3527,57,654,150,1042
3529,36,500,110,1333
3530,58,542,55,1156
3531,46,433,150,1093
3533,51,650,140,941
3537,53,921,180,1134
3540,57,729,80,900
3542,52,433,168,916
3544,45,627,165,1262
3546,52,477,130,1312
3549,36,1050,214,1367
3550,40,1311,285,1367
3551,37,1625,360,2012
3555,42,1300,290,1238
3556,39,1300,280,1229
3557,41,1338,245,1680
3558,52,1083,220,972
3559,51,975,200,1272
3561,49,1152,213,1207
3562,43,1767,200,1774
3563,47,1100,200,1268
3564,45,1500,285,1371
3565,42,1300,170,1687
3566,48,1000,185,1062
3567,49,867,160,1044
3568,53,976,183,1155
3570,49,1200,230,1455
3571,47,1198,100,1375
3572,48,1509,250,1781
3573,42,690,100,1228
3575,46,777,160,1060
3576,47,217,115,1174
3579,50,1000,200,1050
3580,54,1105,200,973
3581,55,879,188,1321
3583,46,930,170,1399
3584,42,1083,200,1413
3585,38,1300,235,1394
3586,43,1300,250,1656
3588,42,867,175,1283
3589,37,975,250,1781
3590,42,1000,150,1390
3591,49,1135,135,1708
3594,46,867,210,1130
3595,45,650,188,979
3596,51,1192,220,1249
3597,40,650,130,1583
3599,53,840,162,1531
3607,46,1300,207,1416
3608,52,1437,290,1183
3610,49,1200,231,1122
3612,55,1000,195,904
3614,40,1517,250,1993
3616,44,1300,245,1381
3617,46,1454,230,1174
3618,47,1083,180,1030
3620,46,1268,220,1202
3621,41,1172,200,1262
3622,41,1408,150,1490
3623,50,884,198,1125
3624,42,1083,180,1093
3629,43,1179,250,1167
3630,38,1248,270,1287
3631,38,1603,350,1981
3633,41,1603,295,1676
3634,42,1300,230,1652
3635,48,1100,220,1416
3636,48,1148,210,1172
3637,38,1211,236,1431
3638,46,1127,194,1184
3639,57,975,177,937
3640,38,1203,240,1505
3641,42,1083,210,1339
3644,47,1300,250,1178
3646,49,1135,200,1385
3647,20,0,185,3374
3649,45,950,185,1261
3658,41,1517,310,1578
3659,50,1733,263,1775
3660,46,1300,250,1214
3662,24,1714,265,2510
3663,51,1515,274,2042
3664,49,1500,300,1418
3665,51,1000,265,1261
3666,54,1200,250,1153
3669,57,1300,250,1059
3670,52,1300,260,1312
3672,51,1253,250,1142
3673,52,1500,200,1351
3675,48,1408,250,1505
3677,44,1300,260,1218
3678,48,1600,250,1658
3682,45,1300,230,1509
3683,50,1300,260,1338
3685,49,1300,250,1351
3687,49,1473,230,1280
3688,42,1517,280,1765
3690,39,1385,285,1400
3691,36,1713,340,2076
3695,48,1517,245,1823
3697,52,1400,220,1375
3698,50,1300,285,1392
3699,41,910,280,1017
3700,49,1213,240,1223
3701,53,1300,190,1381
3704,57,1491,305,1333
3705,54,1062,130,1281
3707,52,897,200,1111
3708,58,535,250,974
3709,62,1049,170,1187
3711,53,1733,348,1367
3712,55,975,248,1067
3713,57,1188,250,946
3714,52,1324,250,1155
3715,53,1500,271,1187
3717,53,1500,300,1216
3718,61,1733,351,1249
3719,56,1240,235,1268
3720,54,1300,296,1315
3722,47,1600,331,1360
3723,47,1328,273,1293
3725,49,1421,200,1475
3726,52,953,231,1112
3727,52,1224,210,1087
3728,47,1021,150,1190
3730,51,1443,290,1192
3732,48,1300,200,1381
3733,53,1083,200,1137
3735,50,1300,265,1531
3737,50,1400,250,1211
3738,49,1454,183,1406
3739,50,1600,225,1362
3740,46,1625,380,1567
3741,48,1573,300,1389
3744,47,1400,275,1615
3746,52,1300,225,1312
3747,49,1560,300,1436
3749,50,1614,300,1663
3750,30,2000,391,1979
3751,53,3500,390,1375
3752,36,1900,390,2078
3753,32,2052,400,2266
3754,33,1962,390,2086
3755,48,2550,388,1520
3756,33,1733,360,1910
3757,41,1950,349,1754
3758,40,1900,305,2091
3759,48,2167,350,2367
3760,49,2167,278,2468
3761,46,2167,340,2216
3762,48,1800,210,2036
3763,43,1733,300,1737
3764,41,1690,338,1597
3765,41,2000,365,2088
3766,43,1950,416,2087
3767,45,2167,415,2055
3770,40,1950,360,2014
3775,44,2015,380,1875
3777,46,1733,350,1517
3778,51,1472,191,1542
3779,59,1272,300,1078
3781,36,1755,370,1993
3782,43,2000,383,2133
3783,41,1907,360,2002
3785,39,2167,401,2187
3786,45,2167,400,2393
3787,47,2032,410,2153
3788,45,2000,398,1995
3789,47,2500,355,2408
3791,47,2028,347,2003
3792,46,2085,415,2092
3793,41,1915,369,1722
3795,41,2167,350,2158
3796,38,2000,365,2045
3797,44,1797,300,1335
3799,46,1412,300,1226
3802,39,1848,375,1740
3803,36,1700,361,1489
3804,42,2250,450,2630
3805,35,1837,380,1942
3806,38,2000,400,2122
3807,39,2037,390,2303
3808,42,2230,350,2731
3809,31,2000,396,2123
3810,33,1733,351,1677
3812,42,2079,305,2014
3813,43,1965,293,2111
3814,40,1853,330,1681
3815,39,1971,311,1928
3816,37,1517,330,1491
3818,40,1649,330,1456
3820,40,1625,321,1566
3821,44,1733,280,1834
3822,41,1517,300,1790
3823,45,1517,320,1375
3824,43,1500,300,1482
3825,45,1083,215,1073
3831,48,1610,250,1391
3832,53,1334,250,1208
3833,56,1083,250,954
3835,46,1300,250,1220
3840,44,1083,215,1038
3842,38,997,230,1109
3844,40,1324,277,1551
3847,43,1235,250,1302
3850,42,1300,280,1339
3851,47,1300,205,1120
3852,24,737,75,1625
3854,41,1517,260,1967
3856,39,1400,270,1732
3857,47,1262,215,1571
3858,46,1127,216,1193
3859,42,1394,250,1579
3860,43,1300,250,1311
3862,42,1300,280,1388
3864,48,1218,190,1274
3865,43,1149,260,1292
3869,43,1419,250,1676
3870,50,1100,213,1219
3871,48,1387,258,1272
3873,41,1300,113,1485
3874,58,1000,230,1062
3875,46,1300,280,1239
3878,59,1456,310,1209
3880,63,1200,309,973
3882,47,1733,300,1390
3885,47,1300,230,1241
3886,49,1200,150,1132
3887,55,850,205,939
3888,54,1000,200,892
3889,63,1083,235,719
3890,53,705,122,806
3891,60,1084,90,756
3892,59,1148,221,1031
3893,61,1084,0,1875
3895,54,765,150,985
3896,52,1029,120,1353
3898,52,1196,231,1202
3900,59,1142,150,1017
3902,56,1320,300,1077
3903,51,1300,210,1074
3904,60,1300,346,1219
3909,54,1300,260,964
3910,38,1863,365,1919
3911,41,1800,356,1834
3912,40,1896,381,1837
3913,42,1824,383,1858
3915,42,1700,320,1211
3916,59,2167,418,2109
3918,46,1842,366,1615
3919,39,1603,340,1447
3920,21,0,260,2323
3921,52,1800,346,1014
3922,53,1517,330,1104
3923,60,1606,320,1254
3925,47,1517,330,1398
3926,49,2167,456,1871
3927,53,2167,391,1906
3928,56,2550,354,2166
3929,63,2500,451,2104
3930,45,2600,512,2547
3931,50,2000,400,1451
3933,48,3033,351,2256
3934,46,2167,496,2097
3936,51,1950,405,1398
3937,52,2167,473,2313
3938,55,2000,392,1433
3939,50,1800,350,1228
3940,59,1603,350,950
3941,49,1800,369,1351
3942,58,2000,400,1490
3943,64,2167,462,1658
3944,68,2806,577,2470
3945,50,1634,300,1582
3946,51,1733,285,1687
3950,47,1338,270,1207
3951,49,1517,216,1565
3953,46,1473,270,1316
3954,53,1517,252,1825
3956,51,1300,265,1138
3957,41,1300,260,1625
3958,47,1150,260,1649
3959,53,1408,250,1318
3960,58,1348,236,1035
3962,54,1000,240,937
3964,52,1083,200,1178
3965,62,888,220,909
3966,49,1192,220,987
3967,55,1200,190,1274
3971,54,1200,236,978
3975,33,2080,416,2328
3976,33,1583,351,1538
3977,33,1907,380,1895
3978,30,2167,406,2158
3979,45,1897,200,1731
3980,40,1815,350,1847
3981,36,1842,313,1756
3984,45,1555,300,1285
3987,41,1733,315,1828
3988,42,1713,250,1618
3990,56,2134,308,1562
3991,49,1500,225,1262
3992,43,1517,280,1402
3995,50,1300,280,1034
3996,54,1700,345,1291
4000,31,1866,450,1860
4005,38,2179,450,2258
4006,31,1800,420,1871
4007,39,2232,420,2130
4008,40,1500,350,1666
4009,38,0,450,824
4010,33,1950,410,1972
4011,38,2300,360,2115
4012,36,2041,385,2016
4013,35,2100,360,2041
4014,37,2147,450,2354
4017,41,1907,390,1934
4018,37,1679,390,1568
4019,47,1733,330,1283
4020,50,1900,360,1365
4021,43,1583,350,1297
4022,43,1676,380,1305
4025,45,1517,213,1224
4030,33,2200,390,2131
4031,35,2200,375,2146
4032,36,1886,385,1582
4034,39,1900,390,1808
4035,40,2167,470,2458
4036,36,1733,388,1931
4037,38,2151,460,2771
4051,34,2229,380,2318
4053,36,2063,410,2152
4054,38,1950,410,1949
4055,38,2100,430,2496
4059,30,2383,400,1934
4060,38,2600,440,2874
4061,42,2253,490,2573
4064,33,2528,450,2434
4065,38,2817,500,3394
4066,31,2130,410,2013
4067,25,2000,410,1761
4068,34,2100,410,2094
4069,42,2500,540,3019
4070,40,2100,460,2435
4073,43,2167,455,2543
4074,40,2000,440,2271
4075,38,2167,400,2239
4076,35,1499,350,1523
4077,32,1517,340,1342
4078,36,1664,370,1838
4101,32,2031,450,1973
4102,29,2000,430,1840
4103,33,2000,365,1909
4104,39,2167,380,1932
4105,36,2000,370,2001
4106,34,1635,335,1493
4107,35,2000,400,2133
4108,34,1729,360,1567
4109,36,1907,410,1689
4110,32,1950,370,1906
4111,28,1950,300,1682
4112,34,2100,400,2136
4113,35,1730,410,1823
4114,32,1300,290,1080
4115,36,1842,420,1967
4116,35,1842,420,1970
4117,28,1777,410,1872
4118,35,1625,360,1744
4119,34,1950,400,1992
4120,33,1900,380,1949
4121,37,2351,410,2452
4122,36,2000,415,1935
4123,35,2000,420,2089
4124,35,1950,360,2040
4125,33,1800,380,1598
4127,38,1700,342,1602
4128,38,1950,400,2125
4129,34,1668,395,1840
4130,41,2102,425,2318
4131,32,1517,350,1376
4132,29,1450,350,1437
4133,32,1651,370,1505
4151,35,2047,380,2105
4152,38,2200,450,2318
4153,39,2167,460,2431
4154,37,2383,510,3044
4155,45,3467,368,2905
4156,40,2300,490,2902
4157,40,1820,385,1794
4158,41,1787,370,1488
4159,43,2000,435,1903
4160,44,2037,450,2107
4161,38,1820,400,1829
4163,51,2000,400,1430
4164,36,2167,470,2218
4165,42,2003,460,1970
4169,35,2000,435,2057
4170,34,2383,440,2426
4171,38,2800,470,2830
4172,35,2167,450,2362
4173,38,1863,420,1940
4174,36,2000,430,2140
4178,41,2000,410,1840
4179,42,2123,420,2085
4183,52,1733,300,1147
4184,61,904,260,761
4205,48,1500,340,1074
4207,34,1655,350,1494
4208,34,2000,445,2136
4209,30,1950,445,1932
4210,36,2000,460,2133
4211,39,1907,430,1727
4212,45,2167,525,1977
4213,40,2100,500,2057
4214,40,1950,480,1740
4215,40,1560,400,1239
4216,50,1800,430,1336
4217,44,1950,437,1466
4218,41,2058,450,1751
4220,41,2028,480,1746
4221,40,2100,450,1729
4223,42,2167,475,1749
4224,39,1950,460,1737
4225,49,1842,410,1351
4226,40,1950,520,1729
4227,36,1950,485,1791
4228,43,2500,500,2330
4270,41,2167,450,2211
4272,50,1800,420,1508
4275,41,2000,400,1940
4280,35,1950,400,2095
4285,41,1742,315,1476
4287,47,1300,230,1111
4300,32,1765,380,2032
4301,28,1517,350,1556
4303,37,1100,280,1169
4304,37,1300,300,1300
4305,37,1387,300,1416
4306,34,1804,370,2114
4307,43,1517,290,1722
4309,45,1517,300,1368
4310,50,1480,291,1229
4311,43,1387,300,1334
4312,57,1300,260,990
4313,52,1300,260,1047
4314,57,983,230,831
4340,43,1517,300,1414
4341,41,1500,315,1432
4342,41,1300,300,1352
4343,36,1428,295,1356
4344,42,1517,308,1555
4346,40,1573,300,1522
4347,40,1357,280,1391
4350,38,1500,305,1428
4352,39,1733,360,2001
4353,44,1565,260,1281
4354,45,1300,253,1276
4355,55,1200,268,969
4356,42,1425,270,1417
4357,47,1083,231,1139
4358,33,1478,290,1648
4359,41,1313,255,1625
4360,46,1300,265,1215
4361,49,1300,245,1105
4362,49,1300,260,1110
4363,42,1300,255,1398
4364,41,858,235,1357
4365,53,1229,245,964
4370,45,1300,260,1145
4371,52,1367,235,1255
4372,56,1240,170,1271
4373,56,1083,240,956
4374,52,1172,230,1194
4375,42,1273,225,1078
4376,49,1225,213,955
4377,52,1040,255,1139
4378,44,1300,265,1408
4380,50,1299,250,1035
4381,47,1083,260,1036
4382,53,1343,240,1278
4383,56,863,208,825
4384,44,1169,300,1625
4385,51,910,200,868
4387,50,943,200,1019
4388,46,650,150,1050
4390,37,1517,295,1641
4400,35,1517,310,1652
4401,41,1300,265,1291
4402,57,585,140,758
4403,41,1083,225,1360
4404,41,1603,175,1699
4405,36,1300,255,1447
4406,42,988,210,1388
4407,47,927,198,1292
4408,48,900,200,1057
4410,51,971,200,1011
4411,41,600,150,1531
4412,40,800,140,1264
4413,35,1339,250,1560
4415,41,1083,200,1252
4416,37,1300,200,1466
4417,40,828,150,1285
4418,48,548,50,1125
4419,35,500,160,1428
4420,40,867,173,1529
4421,48,780,180,854
4422,47,1300,125,1239
4423,38,1860,100,1031
4424,37,1100,180,1437
4425,41,702,120,1343
4426,50,1000,110,1281
4427,50,650,182,1021
4428,42,1083,155,1483
4454,43,436,150,1509
4455,36,1408,250,1772
4461,58,0,250,1187
4462,49,205,0,1292
4465,44,997,170,1037
4467,47,0,110,1333
4468,50,150,110,1109
4470,42,876,178,1345
4472,49,867,157,1162
4474,47,750,62,1187
4477,46,450,100,1131
4478,42,771,144,1379
4479,59,3188,0,1312
4480,40,850,140,1330
4481,38,0,90,2125
4482,40,953,113,1792
4486,45,650,140,1257
4487,38,1230,210,1400
4488,43,367,155,1069
4489,51,0,155,833
4490,43,707,125,920
4491,57,1045,93,959
4492,35,696,153,1625
4493,65,3000,0,1875
4494,35,0,75,1406
4496,38,532,205,1300
4497,42,800,132,1228
4498,32,0,110,1625
4500,36,1783,375,1947
4501,37,1517,320,1371
4502,38,1725,360,1853
4503,33,1733,360,1705
4504,33,1900,415,2207
4505,37,1820,360,1753
4506,34,1560,345,1449
4507,63,1647,335,961
4508,40,1517,325,1270
4509,33,1998,410,2113
4510,38,1588,325,1318
4511,50,1733,385,1204
4512,43,2000,345,2115
4514,39,1733,350,1616
4515,42,1517,340,1403
4516,40,2000,370,2183
4517,43,1800,325,1442
4518,42,1820,400,1740
4519,41,1733,390,1534
4520,45,2459,488,2795
4521,44,2167,385,2189
4550,42,1777,390,1646
4551,44,1950,450,1489
4552,56,1700,370,1259
4553,34,2000,500,2171
4554,45,1950,363,1893
4555,43,1930,425,1768
4556,42,2000,451,1687
4557,39,1950,459,1730
4558,46,1733,410,1384
4559,43,1950,400,1785
4560,43,1733,375,1415
4561,41,1950,400,1848
4562,46,2058,465,1945
4563,50,1733,420,1436
4564,49,1804,433,1495
4565,51,1842,440,1302
4566,56,1991,490,1399
4567,49,2167,515,1833
4568,48,1731,413,1421
4569,46,1517,385,1294
4570,46,1300,295,1169
4571,49,1600,300,1254
4572,47,1820,410,1682
4573,42,2000,490,1771
4574,49,1517,300,1244
4575,43,2037,470,1696
4580,63,1200,280,772
4581,55,1560,280,1006
4600,53,1000,220,948
4601,49,1083,180,1014
4605,41,953,140,991
4606,52,1073,220,1003
4608,50,1100,240,1055
4610,41,1200,260,1249
4611,48,867,250,1125
4612,53,1300,205,732
4613,53,778,180,784
4614,54,867,220,811
4615,52,1000,225,909
4620,56,700,200,945
4621,53,971,200,791
4625,48,1083,228,1120
4626,42,1200,210,1263
4627,47,834,140,980
4630,51,867,170,990
4650,49,1150,255,1035
4655,51,1439,340,1109
4659,60,1300,270,858
4660,56,1127,280,945
4662,45,1300,270,1125
4670,46,1300,285,1194
4671,52,1000,250,958
4673,53,1200,200,1138
4674,55,1010,210,864
4676,57,1042,150,880
4677,50,1493,300,1072
4678,55,1517,233,1187
4680,36,1638,275,1746
4694,49,1127,250,1350
4695,43,1445,200,1519
4697,47,1000,175,1125
4699,44,1690,238,1262
4700,39,1300,265,1403
4701,37,1400,270,1496
4702,37,1560,330,1649
4703,43,1733,350,1636
4704,48,1700,250,1399
4705,46,0,110,1577
4706,51,1000,80,1062
4707,52,793,100,977
4709,29,33,15,3125
4710,48,1517,350,1272
4711,44,1885,350,2276
4712,45,643,115,1300
4713,23,0,120,684
4714,53,840,200,813
4715,36,1387,260,1908
4716,43,1404,200,1668
4717,31,1083,220,2358
4718,35,1083,225,1797
4719,41,1099,200,1375
4720,32,1642,300,2203
4721,36,1300,220,1882
4722,39,1192,200,1838
4723,35,1517,210,1925
4724,44,650,120,1547
4725,43,1213,200,1487
4726,41,313,94,1320
4727,43,607,190,1325
4728,38,542,100,1292
4730,39,1188,200,1623
4731,54,521,95,1036
4732,45,2000,80,1042
4733,39,0,300,1812
4735,47,867,150,1276
4736,39,1260,100,1437
4737,41,1733,300,1650
4738,48,1557,240,1510
4739,54,1300,175,966
4740,38,1733,340,1839
4741,44,1733,250,1768
4742,37,1300,277,1955
4743,35,1950,32,2394
4744,31,1300,111,3079
4745,32,672,100,2444
4746,32,1120,55,2660
4750,36,1733,380,2077
4751,37,1733,360,2156
4753,33,1924,400,2367
4754,36,1700,300,1968
4756,48,1415,250,1205
4757,48,1300,250,1013
4798,47,1300,230,1328
4799,52,1400,220,1105
4800,44,1625,280,1489
4802,36,1733,365,1622
4804,43,1000,200,1242
4805,42,1500,270,1344
4806,49,1100,220,1271
4807,44,1300,230,1353
4808,46,1228,200,1496
4809,47,1235,200,1303
4810,40,1600,300,1610
4811,36,1517,340,1807
4812,39,1400,260,1352
4814,34,1515,320,1717
4815,35,1408,295,1486
4816,44,1560,150,1300
4817,36,1517,330,1866
4818,32,1702,355,2074
4819,58,1353,290,1001
4820,41,1300,220,1341
4821,41,769,160,1352
4822,36,800,133,1770
4823,34,550,130,1735
4824,34,1200,240,1930
4825,31,1536,260,2212
4828,36,307,147,1339
4829,37,1020,141,1571
4830,26,489,123,1223
4849,60,1300,252,852
4850,51,1170,200,1161
4852,50,1400,300,1244
4854,43,1300,250,1296
4855,46,1300,260,1225
4856,47,1083,250,1171
4858,44,1409,260,1419
4859,46,882,240,1154
4860,42,1285,250,1175
4861,47,1170,230,1131
4865,38,1647,325,1750
4868,38,1517,350,1554
4869,32,1517,365,1745
4870,39,1600,310,1510
4871,42,1300,170,1250
4872,49,1374,225,1253
4873,47,1430,260,1218
4874,30,2061,295,2606
4875,28,1791,148,1362
4876,24,1300,120,1324
4877,45,1636,350,1426
4878,41,1625,360,1555
4879,44,1733,400,1701
4880,40,1500,280,1304
4881,47,1647,270,1352
4882,44,1600,300,1479
4883,46,1368,280,1153
4884,53,1489,288,1332
4885,51,1339,250,1269
4886,51,1000,230,1039
4887,50,1083,230,955
4888,52,1083,250,859
4890,30,992,170,1698
4891,55,1168,220,974
4892,30,600,120,1080
4895,40,1300,140,1028
5000,31,1733,400,1365
5006,39,1914,390,1867
5007,35,1710,365,1673
5008,37,1712,310,1489
5009,38,1700,315,1561
5010,38,1500,230,1229
5011,36,1733,340,1729
5012,35,1506,285,1320
5013,39,1441,260,1254
5014,41,1583,300,1372
5015,42,1517,315,1430
5016,43,1710,305,1655
5017,40,1400,260,1144
5018,51,1636,365,1566
5019,48,1733,300,1437
5020,48,1950,390,1758
5021,54,1788,370,1548
5022,47,2000,340,1871
5023,39,1712,310,1347
5024,45,2000,340,1672
5025,41,1814,375,1710
5031,37,1800,350,1664
5032,40,1800,300,1635
5033,37,1647,300,1418
5034,41,2105,350,2020
5035,37,1733,300,1627
5037,37,1733,320,1575
5038,36,1733,315,1553
5039,37,1821,300,1554
5040,45,2060,165,1468
5041,42,2000,320,2025
5042,36,1625,315,1476
5043,38,1614,300,1307
5044,47,2000,350,1724
5045,47,1950,330,1600
5046,40,1733,335,1421
5047,37,1733,350,1434
5048,47,1850,350,1576
5049,44,1852,375,1853
5050,45,1800,380,1871
5051,42,1950,375,2172
5052,45,2000,380,2168
5061,44,2383,375,2291
5062,44,2167,340,2194
5063,42,2078,380,1916
5064,46,2556,400,2131
5065,43,2167,335,1859
5066,45,2455,410,2399
5067,40,2150,380,1820
5068,44,2000,340,1725
5069,41,2179,330,1976
5070,41,1828,320,1507
5072,41,2000,350,1797
5073,40,1842,350,1667
5074,39,1707,335,1447
5075,43,1650,350,1477
5076,43,1733,360,1938
5081,43,2167,355,2056
5082,37,1950,340,1995
5083,37,1795,320,1779
5084,33,1517,290,1314
5085,34,1642,350,1692
5086,36,1625,300,1574
5087,36,1628,310,1536
5088,37,1500,300,1363
5089,41,1733,369,2038
5090,46,1517,320,1270
5091,42,1582,340,1713
5092,39,1471,335,1492
5093,39,1430,320,1417
5094,38,1348,310,1320
5095,34,1517,350,1659
5096,38,1320,310,1442
5097,42,1500,335,1564
5098,40,1449,320,1375
5106,79,0,309,525
5107,36,1381,300,1385
5108,36,1257,280,1226
5109,39,1300,295,1255
5110,36,1378,310,1403
5111,23,0,104,1350
5112,37,1192,230,992
5113,34,975,250,944
5114,33,1300,300,1481
5115,29,1300,300,1439
5116,38,1387,300,1301
5117,35,1827,350,2248
5118,43,1452,280,1488
5120,35,1733,300,1763
5121,37,1454,333,1390
5125,42,1635,320,1841
5126,40,1517,340,1809
5127,42,1517,310,1733
5131,49,2000,395,2243
5132,47,1950,263,2092
5133,47,2000,300,2233
5134,46,2029,350,1895
5136,41,2167,315,2316
5137,50,2016,350,2312
5138,43,1907,363,1988
5139,38,2000,330,2089
5140,40,2058,500,2625
5141,43,2167,365,2241
5142,43,1800,385,2079
5144,53,2200,300,1699
5150,44,2300,260,2666
5151,41,2100,280,2386
5152,46,2167,420,2430
5153,45,1733,340,2033
5154,45,2200,500,2561
5155,41,1733,400,2074
5156,41,1800,345,2229
5157,48,1950,285,1936
5158,41,1600,370,1857
5159,43,1590,355,1801
5160,48,2167,190,725
5161,40,1365,325,1334
5162,41,1300,300,1308
5163,40,1300,280,1209
5164,41,1148,250,889
5165,39,1395,325,1194
5166,44,1200,300,1072
5167,43,1517,340,1439
5168,40,1365,274,1250
5169,37,1562,340,1527
5170,46,1320,335,1380
5171,49,1733,330,1503
5172,47,1733,320,1809
5173,40,1400,320,1290
5174,42,1463,315,1445
5201,41,1700,340,1973
5202,40,1404,300,1537
5203,56,1300,250,1069
5204,60,1227,278,947
5210,41,1541,340,1647
5211,60,1300,290,994
5212,61,1210,280,1073
5213,49,1300,283,1330
5214,62,1198,277,938
5220,43,880,200,1100
5221,62,711,200,861
5222,56,1053,220,1004
5223,48,1083,211,1209
5231,46,1733,300,1912
5232,52,1888,120,1875
5233,48,1625,280,1787
5234,43,1602,320,1754
5235,48,1420,250,1365
5236,45,1408,250,1192
5237,50,1092,225,1192
5238,57,1083,215,838
5240,43,1733,325,1968
5241,43,1473,310,1529
5242,44,1647,335,1851
5243,48,1824,340,2024
5244,45,1625,320,1714
5245,51,1978,350,1788
5250,41,1733,370,2127
5251,37,1625,350,1634
5252,37,1500,340,1768
5253,43,1116,240,1083
5254,44,1300,250,1369
5255,47,1517,300,1364
5256,56,1083,250,874
5259,49,1127,150,1255
5260,49,879,225,912
5261,45,889,150,1163
5262,44,1017,200,1458
5263,53,1135,75,1708
5264,54,1042,198,1039
5265,48,467,150,1088
5266,37,845,150,1461
5267,42,773,170,1412
5268,41,888,220,1483
5269,38,672,138,1449
5270,47,1000,200,1829
5271,41,1083,225,1425
5272,44,758,150,1442
5273,41,1033,120,1562
5275,53,1170,200,1155
5276,54,1207,250,1227
5277,47,867,190,1253
5278,48,874,162,1179
5279,48,618,150,1175
5280,50,975,175,1095
5290,41,1083,220,1197
5291,43,1458,220,1861
5301,51,550,100,1134
5302,46,867,161,1368
5303,40,661,200,1687
5304,42,563,155,1237
5306,55,488,23,1062
5307,54,559,170,831
5308,45,589,123,924
5309,45,363,135,966
5310,42,657,0,1125
5311,49,650,155,1097
5320,57,832,180,789
5321,47,672,145,866
5322,50,975,180,1261
5330,49,1000,200,1032
5331,53,1213,150,1257
5332,52,867,190,1134
5333,45,1083,225,1243
5340,43,1083,200,1377
5341,44,1083,200,1193
5342,47,1148,230,1488
5343,43,1083,210,1075
5344,48,1083,205,1482
5345,47,1041,200,1100
5346,50,867,195,1277
5350,41,1733,300,2205
5351,43,1517,300,1786
5352,48,1500,300,1489
5353,47,1300,250,1307
5354,59,650,200,818
5355,44,1391,295,1384
5356,44,1171,252,1472
5357,57,867,170,890
5360,43,1452,315,1867
5371,38,1560,300,1985
5372,33,1400,330,1755
5373,49,1152,245,1202
5374,51,936,200,963
5381,53,542,200,739
5400,32,1473,275,1708
5401,45,1018,220,1166
5410,43,1207,233,1463
5411,45,1083,245,1388
5412,57,975,225,1012
5413,51,780,200,982
5414,51,1083,188,1152
5415,52,1475,295,1451
5416,49,835,200,1125
5417,52,875,183,919
5418,50,402,175,833
5419,45,763,130,916
5420,40,555,120,1625
5421,56,298,135,589
5422,54,585,155,731
5431,54,641,150,1053
5432,41,780,120,1187
5433,53,962,200,1031
5434,51,689,135,1220
5440,49,79,75,1024
5451,54,1207,235,1241
5452,43,1300,280,1437
5453,45,1330,250,1411
5454,43,704,150,1112
5455,38,1300,165,1437
5460,41,1083,220,1243
5461,45,1029,227,1145
5462,42,997,230,1269
5464,46,737,183,1309
5470,56,737,150,1050
5471,53,400,0,1312
5472,53,325,83,875
5473,51,650,160,935
5480,49,867,200,1034
5481,59,867,155,980
5482,55,988,180,1240
5483,48,1230,180,1416
5485,51,1083,200,1260
5490,44,520,130,1305
5491,48,975,210,1265
5493,56,888,200,833
5495,59,929,189,938
5501,40,1590,290,1708
5502,40,1213,295,1555
5510,50,867,175,1208
5520,52,630,150,862
5521,49,602,175,916
5522,62,1300,225,931
5523,49,970,189,1131
5540,44,960,185,1060
5550,42,867,223,1174
5552,41,729,193,1288
5554,45,1127,250,1169
5555,55,835,190,1025
5556,56,1213,250,916
5558,59,1200,250,969
5560,49,823,150,946
5570,60,796,200,790
5571,61,1083,230,916
5572,48,650,170,1437
5573,51,899,180,1088
5575,57,1050,200,1001
5576,55,964,200,932
5577,53,728,160,968
5580,54,859,200,1093
5581,65,1170,250,938
5582,61,1127,250,937
5583,62,997,205,794
5600,45,1300,200,1548
5601,66,1300,0,1125
5602,51,1005,200,1197
5603,47,898,178,1105
5604,56,1250,194,850
5605,56,1200,220,1067
5606,41,1300,240,1243
5607,44,1387,250,1504
5608,41,975,170,974
5609,33,1580,265,1970
5611,54,412,130,584
5630,42,650,150,1687
5631,41,1083,180,1587
5632,32,758,163,1978
5633,38,433,123,1125
5640,49,905,165,1141
5641,43,860,150,1273
5642,42,228,100,1051
5650,33,1517,350,1812
5651,52,1390,100,1125
5652,43,932,160,1389
5653,42,564,100,1749
5654,46,511,100,1166
5655,39,433,55,1125
5660,30,0,50,2124
5661,39,325,111,1149
5670,45,1083,200,1256
5671,44,823,100,774
5680,49,1264,240,1130
5690,39,1224,160,1357
5700,40,1083,200,1199
5701,44,0,200,899
5710,35,1306,250,1831
5713,36,0,12,1375
5715,43,0,0,1625
5717,47,0,75,1208
5719,33,0,330,2166
5720,40,0,100,1761
5722,57,867,150,703
5723,46,628,160,766
5724,35,1540,113,2083
5725,31,1517,260,3140
5730,43,330,98,1375
5731,39,1600,84,1541
5732,46,792,90,641
5733,48,3900,80,900
5734,39,0,75,706
5950,51,0,0,0
6000,33,1959,400,1964
6003,33,1733,380,1843
6004,35,1950,410,2005
6005,35,1772,400,1918
6006,38,2473,400,2323
6007,36,2167,420,2349
6008,40,2600,420,2234
6009,37,3521,450,2610
6010,43,3000,460,2417
6011,44,4000,550,3454
6012,42,3000,300,2132
6014,39,2732,312,2289
6015,47,4000,750,3700
6016,36,2266,343,2328
6017,34,1546,290,1475
6018,39,2200,400,2210
6019,37,2167,415,2188
6020,45,2500,425,2374
6021,40,2000,350,1796
6022,39,2000,380,1856
6023,42,2208,460,2394
6024,40,1950,400,1897
6025,40,2000,400,2108
6026,44,2100,440,2138
6027,40,2000,380,2016
6028,41,2167,420,2540
6029,43,3000,485,2779
6030,37,1800,352,1825
6031,32,1907,380,2116
6032,47,2000,241,1708
6033,44,2600,300,2307
6034,29,1950,350,2024
6035,35,1842,340,1699
6036,33,1937,350,1907
6037,39,1800,330,1526
6038,31,1950,360,2035
6041,51,1733,300,1311
6042,64,1250,280,959
6043,59,1217,250,1136
6044,54,1644,250,1086
6050,41,2383,350,2088
6051,36,1733,300,1623
6052,39,2167,340,2051
6053,39,2000,350,2037
6054,39,1733,320,1600
6055,33,2000,373,2159
6056,40,1705,300,1470
6057,39,1800,380,1816
6058,38,1733,350,1614
6059,43,2000,340,1684
6060,37,1842,323,1643
6061,34,1517,320,1374
6062,40,1780,351,1617
6063,36,1686,340,1632
6064,37,1517,300,1422
6065,36,2000,400,2133
6066,37,1703,350,1726
6067,33,0,150,849
6068,54,0,120,1375
6069,33,1950,365,2043
6070,44,2100,420,2388
6071,47,2000,400,2163
6072,46,2000,350,2169
6073,50,2000,343,1773
6074,46,2000,440,1845
6076,47,2139,360,1944
6077,55,2200,300,1448
6078,43,2817,375,2170
6079,66,1000,280,2062
6081,43,2000,400,2225
6082,41,2058,383,1941
6083,48,2167,340,2247
6084,40,2000,350,2076
6090,43,0,775,1749
6100,36,2000,350,1896
6101,35,2000,350,1974
6102,32,1733,320,1410
6103,34,1760,350,1723
6104,38,1754,350,1666
6105,35,1733,340,1558
6106,53,1000,265,575
6107,33,1733,350,1727
6108,38,1625,330,1571
6109,36,1517,300,1358
6110,36,1733,315,1618
6111,41,1625,295,1543
6112,33,1800,320,1853
6121,43,2500,375,2380
6122,31,1950,380,2104
6123,32,1950,370,1973
6124,43,1965,325,2057
6125,45,2200,350,2007
6126,51,1834,250,1458
6147,38,1525,320,1458
6148,42,2000,375,1904
6149,43,2167,430,2155
6150,43,2167,460,2112
6151,40,2388,375,2113
6152,38,2167,350,1919
6153,43,2700,450,2340
6154,42,2383,415,2059
6155,38,2000,420,2243
6156,40,2199,370,2135
6157,41,2101,350,1838
6158,44,2600,420,2288
6159,48,2600,480,2387
6160,41,2167,380,1822
6161,33,0,113,2042
6162,43,2200,350,1875
6163,41,1815,350,1638
6164,34,1950,395,2210
6165,52,833,330,1312
6166,42,2167,400,2119
6167,35,1562,300,1538
6168,46,1440,300,1176
6169,41,1582,310,1485
6170,31,1820,350,2012
6171,31,1900,360,2096
6172,36,1700,350,1921
6173,34,2000,380,2492
6174,30,1777,350,1891
6175,35,1950,370,2180
6176,30,1857,370,2122
6180,33,1779,350,1837
6181,45,2382,300,2643
6182,0,0,0,0
6207,40,2197,250,2191
6208,44,1733,310,1305
6209,51,1842,250,1122
6210,47,1681,300,1222
6211,45,1842,350,1436
6213,50,1950,270,1383
6214,42,2000,279,1875
6215,48,1625,260,1312
6218,44,1587,270,1093
6219,46,1900,300,1518
6220,44,1519,280,1465
6221,42,2000,293,1916
6223,44,1950,300,1624
6224,44,1398,250,1349
6225,45,1300,250,1240
6226,40,2240,320,2473
6227,38,1742,298,2086
6228,49,1517,250,1375
6229,61,1437,200,741
6230,41,1517,300,1469
6232,38,1647,350,1711
6233,38,1733,350,1888
6236,48,1799,290,1989
6237,46,1993,325,1929
6239,47,1591,300,1406
6240,57,2318,255,1312
6243,48,975,200,833
6244,48,1170,218,1286
6251,51,1400,285,1267
6252,54,1727,200,1270
6253,58,1408,255,951
6254,50,1083,200,1068
6255,51,1500,300,1208
6256,46,1842,231,1516
6258,45,1300,235,1275
6260,48,1400,280,1264
6262,54,1000,187,1044
6271,44,1517,330,1465
6275,56,1400,257,1102
6280,45,1733,350,1382
6281,43,1950,450,1770
6282,48,2350,400,2193
6284,39,1950,380,1910
6285,40,1713,380,1641
6286,42,1920,300,1658
6288,47,1733,258,1298
6290,61,1500,275,901
6302,56,1400,260,1126
6304,56,1159,200,1055
6306,50,1213,200,1318
6308,51,1083,200,1148
6309,51,806,200,1142
6311,50,1260,216,1277
6312,43,1170,240,1312
6313,49,1259,150,1328
6315,49,875,180,1206
6316,44,1033,150,1281
6317,39,1042,200,1350
6318,42,1000,170,1399
6320,41,715,164,1307
6321,44,719,174,1166
6322,49,1083,160,1187
6323,54,1194,230,1040
6324,47,1300,220,1191
6326,49,1444,240,1602
6327,46,1750,250,1481
6328,38,1000,164,1342
6330,45,1517,300,1349
6333,50,1517,300,1134
6335,38,867,200,1516
6336,38,395,135,1369
6337,36,867,160,1765
6338,46,1092,210,1336
6341,37,0,95,1766
6343,41,657,180,1833
6346,39,830,210,1801
6348,46,1088,250,1542
6350,48,515,150,1168
6351,38,0,50,1187
6352,40,607,150,1416
6353,39,1083,180,1715
6355,42,377,200,1792
6356,42,1000,190,1708
6357,46,847,163,2050
6358,36,260,80,1550
6359,43,1035,175,1398
6361,46,150,100,1224
6363,45,0,190,2333
6365,44,598,169,1583
6367,50,650,120,986
6368,35,0,60,1468
6369,49,793,155,1456
6370,45,1002,160,1297
6372,53,719,100,1031
6373,43,1580,0,2125
6375,47,867,183,1326
6383,55,779,130,1115
6384,47,9999,0,3124
6385,62,0,0,2749
6386,42,652,138,1875
6390,42,1695,280,1732
6391,41,1300,200,1760
6392,50,870,150,1367
6393,46,825,83,1036
6394,51,1083,180,1425
6395,43,1073,200,1452
6396,46,1285,155,1573
6397,49,542,160,900
6398,58,1070,210,794
6401,42,1300,250,1263
6403,52,986,225,1125
6405,40,1042,188,1273
6407,35,1213,200,1639
6409,46,563,161,1125
6410,52,800,160,958
6411,53,1701,190,2125
6412,46,0,150,1375
6413,54,1690,100,866
6414,49,1813,150,1812
6415,40,1066,220,1396
6418,49,737,160,1236
6419,47,1192,100,1166
6420,40,224,150,1542
6421,40,1174,120,1458
6422,32,1300,200,2125
6423,61,400,85,1145
6424,52,600,125,2624
6425,45,1084,150,1999
6426,47,800,150,1328
6427,43,0,0,0
6428,45,542,0,2374
6429,47,927,238,1208
6430,34,1703,310,2429
6431,33,986,63,1523
6432,35,1309,300,2001
6434,31,0,0,1499
6436,46,397,156,900
6437,30,520,46,2562
6438,37,714,163,1446
6440,37,413,80,966
6442,35,985,200,2129
6443,50,600,150,837
6445,48,661,104,966
6446,42,1000,140,1625
6447,36,2167,115,1875
6448,39,1149,290,1542
6450,42,1572,265,1515
6452,57,0,170,2250
6460,49,979,180,1069
6461,47,672,163,1161
6462,34,1200,118,1292
6463,35,3059,175,1687
6465,60,0,50,1187
6466,51,0,150,1437
6467,54,0,0,1874
6468,44,683,100,1604
6470,21,0,150,2749
6472,46,650,155,1656
6473,40,2583,0,1625
6475,52,748,129,1312
6476,55,750,400,1208
6477,47,675,110,1406
6479,45,758,155,1531
6480,50,1600,125,1125
6484,54,0,0,724
6485,54,557,150,866
6487,47,0,135,1375
6488,55,520,120,885
6489,59,1040,120,710
6490,49,1000,88,1087
6501,47,2000,360,1859
6502,49,1688,290,1379
6503,44,1733,268,1525
6504,52,1950,320,1224
6505,40,2000,243,1708
6506,55,120,150,1531
6507,44,1591,220,1903
6509,46,1750,140,1666
6510,43,1033,230,1459
6511,55,1427,300,1044
6512,51,850,250,1375
6513,44,433,170,1649
6514,61,1390,231,889
6515,44,650,150,1463
6516,52,1625,320,1187
6517,43,867,150,1350
6518,52,867,150,837
6519,42,650,120,1366
6521,47,750,200,1764
6522,47,729,150,1468
6525,53,1537,250,1168
6528,50,1554,235,1278
6530,40,1517,250,1483
6532,39,1800,320,2009
6535,55,1192,200,1068
6536,53,1600,258,1122
6537,43,1387,220,1197
6556,44,1950,375,1981
6558,37,1686,360,1895
6560,46,1400,250,1520
6562,45,1800,300,1547
6564,50,1500,220,1333
6566,54,1495,280,1190
6567,54,1650,275,1357
6568,52,563,130,1728
6569,43,500,180,1604
6571,45,0,168,1708
6572,41,542,170,1875
6574,42,0,200,1812
6575,48,1048,138,1166
6603,42,1083,180,1320
6605,45,0,160,1875
6606,51,433,145,949
6608,44,780,275,1562
6609,36,1083,235,1897
6612,43,1096,165,1812
6613,40,1083,0,2333
6614,59,0,0,1062
6616,53,394,0,1562
6620,41,834,170,1764
6623,43,500,190,1358
6625,39,0,250,1812
6627,37,1000,88,1812
6628,37,0,200,900
6630,43,650,150,1194
6631,62,0,0,3250
6632,40,0,0,1812
6635,33,223,139,1562
6638,42,542,175,1204
6639,60,1517,70,949
6640,54,725,100,682
6642,34,650,115,1243
6646,35,0,118,1109
6701,40,1300,209,1399
6705,37,826,75,1300
6707,37,2103,330,1983
6710,36,2065,240,2443
6712,41,0,0,0
6713,35,2383,480,3664
6714,32,1972,320,3188
6716,32,0,28,2028
6718,34,1500,150,1074
6720,32,1376,120,3290
6721,34,1812,210,3369
6722,32,1408,240,2595
6725,34,2167,260,2040
6726,34,2167,371,2181
6728,32,1638,100,1357
6740,34,1224,123,1165
6743,33,2000,242,1971
6751,33,1370,50,3029
6753,33,1083,110,2850
6754,35,1563,30,3215
6758,38,0,40,1321
6760,38,0,100,1035
6762,34,0,50,1083
6765,31,1625,100,1226
6770,29,1800,90,1066
7000,36,1852,400,1858
7004,39,1690,400,1820
7005,37,2167,420,1903
7007,40,1759,330,1892
7008,38,1710,350,1750
7009,35,1387,340,1427
7010,37,1300,320,1222
7011,38,1300,320,1295
7012,44,1328,305,1657
7015,45,1625,400,1595
7016,34,1083,320,1187
7017,40,1533,400,1885
7018,42,1600,360,1575
7019,32,1361,320,1306
7020,43,1725,400,2164
7021,42,1600,405,1877
7022,48,1517,350,1383
7023,56,1441,418,1302
7024,43,1733,395,2275
7025,50,1636,340,1576
7026,39,1324,300,1560
7027,44,1083,225,880
7030,35,1300,270,1295
7050,38,1625,380,1518
7052,42,1655,400,1806
7053,47,1785,425,1910
7054,40,1690,375,1895
7055,33,1647,415,1783
7109,43,1430,290,1397
7112,47,1215,285,1016
7113,52,1300,315,1205
7116,48,1141,280,1129
7117,55,1170,295,962
7119,37,650,0,1024
7120,52,895,188,1027
7139,49,0,0,1125
7140,42,1192,270,1197
7150,50,1426,273,1435
7155,51,1517,365,1412
7162,54,1777,350,1481
7163,51,1375,300,1397
7170,43,1950,400,2326
7171,39,1427,370,1522
7172,41,1517,350,1362
7173,43,1300,330,1383
7174,45,1159,225,1162
7175,48,1343,260,1300
7176,40,1300,0,1562
7177,47,1083,310,1267
7178,56,1083,295,766
7179,58,1417,270,919
7180,59,1116,210,782
7182,57,975,200,912
7183,60,1066,295,687
7184,56,997,230,795
7185,60,1500,250,1274
7186,58,1300,330,1024
7187,61,1183,115,1010
7190,59,1083,245,975
7209,57,867,200,903
7210,51,867,215,852
7211,47,813,200,1192
7212,50,1300,273,1320
7213,49,650,190,836
7214,53,691,173,775
7215,52,1083,250,931
7216,57,1083,245,847
7248,33,1100,260,1121
7249,38,1300,300,1349
7250,41,1300,285,1400
7252,49,1440,290,1619
7253,47,953,220,911
7254,47,1300,250,1283
7255,57,867,140,1095
7256,45,1083,190,1330
7257,51,0,85,725
7258,48,1933,250,2358
7259,46,1300,225,1433
7260,47,1083,210,1041
7261,53,650,240,846
7262,51,1300,250,1224
7263,47,867,203,1006
7264,54,703,180,778
7265,48,492,226,927
7267,46,1399,240,1687
7268,46,1270,250,1410
7270,55,1086,250,960
7275,50,1300,295,1304
7276,46,1221,235,1380
7277,44,1517,350,1649
7290,39,1356,250,1483
7291,39,1517,278,1701
7292,42,1250,200,1757
7300,41,1364,280,1504
7301,47,1300,260,1229
7302,40,1220,220,1247
7303,47,1213,250,1148
7304,49,1170,240,1074
7305,45,1000,250,1111
7306,50,1300,208,1182
7307,49,1318,260,1240
7310,43,1213,250,1194
7315,48,1220,246,1136
7316,46,1300,250,1362
7320,40,1090,240,1187
7321,46,1213,230,1341
7322,48,1192,240,1100
7325,47,1226,230,1152
7330,40,1083,220,1292
7331,51,1350,225,1351
7466,59,417,46,875
7467,47,574,150,851
7468,40,1083,195,1347
7469,50,606,160,949
7470,48,600,150,962
0800,33,1781,450,2151
0810,34,2058,345,2199
0812,37,1998,360,2046
0820,35,2037,400,2308
0822,30,2000,80,1347
0828,33,2600,370,2250
0829,31,1213,230,1412
0830,33,1950,370,2027
0832,30,2167,420,2352
0834,43,2500,460,2678
0835,43,2388,400,2560
0836,39,2300,400,2593
0837,43,2229,275,1419
0838,38,2167,300,2183
0839,31,1772,340,1426
0840,60,1300,200,806
0841,47,1900,268,1550
0845,45,1520,150,900
0846,52,1333,200,992
0847,36,1083,120,1125
0850,33,1625,330,2027
0852,28,1517,80,1331
0853,29,0,260,2865
0854,32,1117,33,1301
0860,33,1114,180,1677
0862,28,0,150,1375
0870,34,1741,390,2174
0872,29,498,75,1213
0873,40,2303,250,1783
0874,35,2167,340,2221
0875,33,1733,328,2032
0880,32,1733,95,2406
0885,34,1083,80,3333
0886,34,1400,65,2090
2600,45,2819,540,3016
2601,22,1950,550,2232
2602,36,2167,436,2337
2603,41,2500,481,2991
2604,37,2150,500,2434
2605,41,2650,490,2894
2606,34,1800,430,2156
2607,42,2383,440,2418
2609,47,2800,322,1116
2611,36,2167,450,2482
2612,30,1987,490,2371
2614,39,2102,418,2250
2615,36,2000,420,2262
2617,32,1950,440,2177
2618,44,2899,449,2878
2900,36,1625,450,1860
2902,41,2000,400,2207
2903,39,2100,400,2311
2904,41,2167,462,2577
2905,37,2000,430,2311
2906,37,2000,410,2410
2911,34,2400,460,2807
2912,31,1801,450,2208
2913,34,2000,460,2429
2914,31,2167,480,2841
2899,50,1300,240,1184
6798,38,1300,150,2109
6799,40,1972,231,2519
9494,0,0,0,0
9797,40,1733,0,2250
