postcode,fraud_probability
200,13.054126033171633
800,16.76021809676495
801,13.143085683021559
804,11.359722270912764
810,10.85295043657941
811,15.021759384508393
812,15.14593636046727
813,13.615805659694658
814,14.029247984417959
815,22.401813591388276
820,18.08251889220805
821,16.44694845395281
822,12.111118899551114
828,11.279465246135679
829,13.338550564478654
830,18.701889819114765
831,19.03193759437101
832,13.038234368576614
834,12.704187458528232
835,12.155816424015013
836,21.918069672459026
837,14.15972380985847
838,15.421267523910444
839,16.243948050108607
840,22.07601302500205
841,12.85234908198709
845,24.642098195879612
846,17.768750368941493
847,24.50057351851942
850,13.901669128647633
851,16.87078321287459
852,19.510790619849782
853,14.62107619089824
854,29.464024803717255
860,15.76328202690373
861,11.44903418763891
862,13.321473490315913
870,16.10018860480115
871,17.021761354396173
872,12.084852010405438
873,12.150869212925885
874,16.36730416332766
875,16.062239702004852
880,14.320244834747362
881,22.33923934608548
885,15.098247064742429
886,12.581958619352395
906,15.403161168719711
907,14.088139953087122
909,16.860072349414686
1001,12.895301777281277
1002,12.920145070344955
1003,15.780781499728977
1004,11.976261673643016
1005,14.51581566505393
1006,12.39541421750146
1007,15.955441974533551
1008,15.63065022455712
1009,14.708966530176797
1010,15.574006413021298
1020,18.714046123459404
1021,13.444720079815882
1022,14.360395230447416
1023,14.277566485703554
1025,13.059941097685739
1026,15.596867781543551
1027,19.913838731824647
1028,15.21998030271997
1029,13.740840451902605
1030,14.757550661246194
1031,10.96264357136196
1032,16.204209805240655
1033,13.368626810861116
1034,18.031655545074855
1035,22.146607528800136
1036,14.774312780335265
1037,9.857101655569103
1038,15.168557530841902
1039,16.348324811066224
1040,12.936760018878067
1041,13.882496045520718
1042,12.972369694109524
1043,14.57574671048315
1044,10.241557443687377
1045,13.856215512858157
1046,12.458533265442863
1100,12.958746707072722
1101,17.85098242976438
1105,12.495168708665213
1106,15.180074926732237
1107,16.13489745689764
1108,16.266846641294272
1109,17.047884145915884
1110,14.371103027043928
1112,14.471857974493087
1113,13.431079703120082
1114,16.536204251201312
1115,16.08917719324312
1116,18.42486301137009
1117,14.512666138805836
1118,12.68343502512882
1119,12.381536081538103
1120,12.247811988855611
1121,13.290608486531427
1122,13.36723561775716
1123,16.206649137721712
1124,13.164140857556612
1125,15.933662890229124
1126,19.051509321401465
1127,13.834368903890153
1128,13.902467023872706
1129,12.16972396537967
1130,13.070182122864498
1131,13.32046958137199
1132,12.139025130558883
1133,13.840050999656413
1134,12.79887170926507
1135,10.893787596282312
1136,13.419520284955636
1137,12.772872087211148
1138,18.297505515748067
1139,11.653882323866664
1140,18.828460065680417
1141,13.88574535358014
1142,11.88023314744884
1143,12.189023488022157
1144,14.988692705089802
1145,13.324876300587436
1146,19.109009327611062
1147,12.542966875858674
1148,10.300023844385883
1149,17.81841705096955
1150,14.806927065439941
1151,12.334685361752518
1152,17.287888278855913
1153,16.27835129575395
1154,24.57857304788083
1155,14.636661605336487
1156,14.524606335922181
1157,14.72845033033974
1158,16.164946929180662
1159,15.450434900560758
1160,12.575761039209297
1161,13.33470923437882
1162,13.829929702752166
1163,17.661989427674794
1164,16.668159101876466
1165,11.500146972951043
1166,13.574735706644553
1167,10.222503088548937
1168,13.384955861163064
1169,16.607032556043347
1170,16.094381768342217
1171,22.509414100344493
1172,15.368446219754295
1173,12.094527082122701
1174,18.80000911037368
1175,14.827150959306874
1176,18.662210950471724
1177,16.503142811191164
1178,11.769794087572054
1179,12.71712084620248
1180,12.312837849383845
1181,12.558460091993524
1182,21.37480503603037
1183,18.903709932038407
1184,13.914861194852888
1185,19.11204130012817
1186,10.977116444945429
1187,17.732532513563335
1188,12.28375155641824
1189,14.633866023432665
1190,16.0351473400187
1191,14.633491637133162
1192,15.551876395881113
1193,15.395592513609127
1194,19.559069828112655
1195,15.851844035701516
1196,14.168329754775634
1197,18.99764410566018
1198,12.819121522834788
1199,15.651665670994664
1201,12.18794272230748
1202,22.82848634993512
1203,18.05826798883065
1205,12.52970697570427
1207,12.731017205291375
1208,11.77664419547215
1209,12.469940868398295
1210,13.598047786535561
1211,16.97476177973051
1212,24.258505338543497
1213,18.953340175689053
1214,14.056536911206134
1215,15.388964888830664
1216,11.240076034614878
1217,17.615157380796866
1218,13.103089369786515
1219,13.431249827370399
1220,15.374035256641806
1221,20.377192381814197
1222,15.231678442456804
1223,10.667457022164996
1224,12.528756459042887
1225,12.570541449542144
1226,12.681507433761123
1227,11.687829452277953
1228,17.766047305278562
1229,13.759581961727228
1230,15.207305493853688
1231,17.13810706413216
1232,12.796182183240433
1233,13.908652694161782
1234,16.817164845227044
1235,12.366643942518929
1236,14.776878860663661
1237,20.92161898717153
1238,11.946027213318287
1239,18.437968400520575
1240,19.453322678737802
1291,20.163006018706042
1292,13.232893706144207
1293,12.253898033989863
1294,17.53317014171924
1295,12.280039050765167
1296,14.285605276972845
1297,11.100567789193294
1298,15.987892623340334
1299,13.704117348131609
1300,15.791994271793461
1314,15.362953131518113
1335,13.59196128344805
1340,12.867469849683397
1350,12.85967507383038
1360,16.66960831169332
1401,13.71646966316991
1419,13.971899379766807
1420,15.523783745436711
1422,20.646573622056778
1423,11.538397382467053
1424,16.721164651805307
1425,17.49404796490016
1426,15.440967866333695
1427,12.817641765745071
1428,15.617202450267234
1429,14.30542609756776
1430,11.575117805855454
1435,15.54252857239664
1440,13.694083032977622
1441,16.61195783697456
1445,17.610911489759513
1450,13.00725187272562
1455,8.92823794923872
1460,11.768371029050535
1465,15.867829695701513
1466,15.311969979204937
1470,12.614859855912359
1475,11.389582795357956
1476,15.638869482739702
1480,17.003891879269247
1481,14.777128074164894
1484,15.927882715222093
1485,16.04297858744998
1490,14.178956998528772
1493,14.409809377634922
1495,17.967869993557674
1499,18.46192410862455
1515,12.91923825099163
1560,18.092939808328904
1565,13.655530840229071
1570,13.056578511587508
1585,16.25747161468777
1590,13.285094017743331
1595,14.991333433602199
1597,14.052191773659
1602,16.225259991234903
1630,19.385667486684003
1635,13.422662649060522
1639,14.503732829088298
1640,16.775658534572127
1655,13.129329825801992
1658,12.812597354963492
1660,15.942749486697586
1670,12.312245477531128
1675,47.327428268164404
1680,15.958540520281906
1685,12.401526856238432
1700,16.34891606245157
1710,14.6898962008257
1715,13.029854396187822
1730,19.287734266406016
1740,11.539076569239791
1741,15.945785503989544
1750,15.028146942200989
1755,11.797350489663957
1765,16.98765038209323
1771,12.74566514436308
1781,14.547864446468749
1790,15.566107771462185
1800,13.333467395602817
1805,12.97261072772665
1811,11.907703649584459
1819,15.18859053784699
1825,16.629623743748667
1830,15.10195698176551
1831,19.973732045100242
1835,12.985064898851553
1851,12.286650210115237
1860,19.70935600362151
1871,17.629971771085458
1875,12.115031652674595
1885,13.016326164471755
1888,12.402839949395617
1890,11.641758015987278
1891,27.314965920185358
2000,12.798081728766205
2001,11.146839503953375
2002,15.603473521998788
2004,10.260752992650405
2006,16.153753455273012
2007,15.912898358353548
2008,11.882691087239538
2009,10.547971356143158
2010,14.90324629173016
2011,13.063231903741041
2012,19.13286380884134
2013,17.41974808992993
2015,13.165239456098861
2016,17.18426913201319
2017,12.044394148256792
2018,13.798054806972992
2019,15.812700119227248
2020,21.514552837373827
2021,13.738984666890682
2022,18.66945357104384
2023,16.239871574135204
2024,13.652462328852026
2025,14.888970578299103
2026,14.349812290365838
2027,13.080476946296345
2028,16.037049347418133
2029,11.224146560309157
2030,12.45282498899202
2031,12.65333604041929
2032,16.062369793771154
2033,14.87204260641959
2034,27.14788120677694
2035,13.138234971024556
2036,19.160251423645587
2037,14.186374649433452
2038,12.477909439730459
2039,9.892103547787311
2040,12.66924730938952
2041,16.94239352205232
2042,12.007632046921849
2043,19.601821826451655
2044,15.888668648287739
2045,11.6186076660465
2046,13.510005859747393
2047,14.216903099309954
2048,12.247665084977532
2049,17.29498381687749
2050,15.151639515372327
2052,20.453640780413064
2055,12.648376960436686
2057,20.787101232272516
2058,12.769462224486746
2059,15.942122895874183
2060,12.134110128940899
2061,20.692363688849753
2062,13.547715725127293
2063,14.844607459142265
2064,16.158467823434545
2065,11.191915716917244
2066,13.49571088437697
2067,15.835740123513599
2068,12.171769914366008
2069,15.292864452690608
2070,24.26569569035774
2071,24.74925675978276
2072,14.95251066422463
2073,13.398732485688257
2074,17.951294809935042
2075,15.462419526232523
2076,14.478139789285207
2077,13.244174690983812
2079,16.8512926022618
2080,18.101184042502044
2081,11.949989963587337
2082,11.325305794552534
2083,13.18788139492933
2084,11.026548610720742
2085,12.0550572134643
2086,20.500098567905923
2087,13.174941556736902
2088,15.01172620404455
2089,11.845406191694801
2090,13.151112136038384
2091,15.05740102985016
2092,14.916324085591645
2093,20.304428548385502
2094,12.921697532238008
2095,18.634905765833366
2096,18.081373474989046
2097,13.224871996659937
2099,12.122054707266884
2100,11.17822572869067
2101,16.731907829339676
2102,14.914230120325287
2103,13.76405474316992
2104,12.919756876198699
2105,13.58236076873464
2106,12.818228620618887
2107,13.67361144313721
2108,11.619807827398196
2109,13.860753859526472
2110,12.604612812741333
2111,15.89585030325539
2112,16.373743633078664
2113,13.829570106594922
2114,29.781379833529268
2115,19.176393472054496
2116,11.956821829898306
2117,14.788687129455806
2118,14.501082804942486
2119,15.519640872416787
2120,14.821712140008016
2121,12.999918867812442
2122,15.463543043906213
2123,15.6528518047067
2124,10.855038760364803
2125,19.982009586192525
2126,11.936138034114098
2127,12.745913541883468
2128,12.987026202010252
2129,16.212856407220947
2130,18.308991529961506
2131,13.01617593226221
2132,19.907861390315645
2133,15.225202936746886
2134,21.34621963159698
2135,16.505382297519024
2136,17.30162964490818
2137,18.879422372538134
2138,12.911628868204248
2139,18.28878466476284
2140,10.857178096086868
2141,19.16128349437046
2142,13.231620864739638
2143,17.603743275643673
2144,10.373128441440018
2145,14.38539372602783
2146,14.964566735811804
2147,16.647915502946297
2148,16.387731419911724
2150,21.2505238491741
2151,15.989510614132021
2152,12.53003563786271
2153,15.785988271589364
2154,16.595947971474143
2155,15.152216581635754
2156,14.506478458608472
2157,10.90981155069872
2158,15.532628097543622
2159,18.215586010047208
2160,26.81199149541513
2161,17.19010027726053
2162,19.757864170778014
2163,12.205915585361224
2164,14.383130553530037
2165,13.963671693845868
2166,12.039966938269743
2167,16.932144314988566
2168,12.080861832804489
2170,13.911267775283603
2171,12.756893392452776
2172,15.027349923100287
2173,14.30133203938473
2174,12.247161234083858
2175,15.7513754304847
2176,12.487404625434392
2177,14.837897321067862
2178,11.901587084534441
2179,16.19160537558487
2190,15.141938441051282
2191,10.56202973402024
2192,15.030501564235081
2193,12.509834556998175
2194,16.116126163626937
2195,20.648709889226048
2196,15.329247642790508
2197,18.447712331124155
2198,12.289294108846672
2199,13.894560787612399
2200,17.39822045836601
2203,18.912384674318236
2204,15.211879923708805
2205,11.219908074812832
2206,16.060421723250293
2207,15.138424771503606
2208,33.50867448869963
2209,13.149249626634905
2210,10.920871499963775
2211,10.9760932502672
2212,10.393987704280104
2213,11.963626610309896
2214,14.42696340461809
2216,11.767454606445883
2217,14.713841831575824
2218,18.902401531303774
2219,10.952957961033784
2220,13.646593434410416
2221,13.328866326511887
2222,16.803003592418587
2223,15.270337774293058
2224,17.508893817287838
2225,20.278527686095565
2226,12.875637048183373
2227,14.878143699012977
2228,15.070422939215815
2229,13.914771156892009
2230,16.380380841226167
2231,26.74495257544588
2232,19.072144975698
2233,12.03733193939818
2234,13.716032737047065
2250,11.996317594650085
2251,17.990067023562368
2252,13.516313872763751
2256,13.21726937598045
2257,15.43834557433376
2258,13.903162096888988
2259,15.257088233467247
2260,14.570962050415549
2261,17.04492156902994
2262,11.85819006870537
2263,13.702901544687771
2264,11.029116354392183
2265,23.083775978440098
2267,12.993072153842734
2278,14.948924971644667
2280,16.318461836816503
2281,14.435847238089428
2282,10.743183334055075
2283,12.136863586136998
2284,15.758187680999605
2285,15.892381153325895
2286,23.845855901258407
2287,13.855299717011636
2289,14.631708104941026
2290,16.199850612904182
2291,10.853939487508212
2292,12.595820399865731
2293,16.701328484133224
2294,17.729005726393165
2295,10.918962718573622
2296,9.931703647246726
2297,15.636712430409862
2298,18.678340527505664
2299,18.2403741179412
2300,14.185383880431083
2302,15.267134321657828
2303,13.681671578199685
2304,11.398834096111269
2305,20.309116277664323
2306,9.93601940555812
2307,11.954344297303367
2308,23.54663198504086
2309,12.618965775595427
2310,15.351491579065282
2311,15.503932625053228
2312,13.16611544743858
2314,15.836995293342666
2315,14.373835958051595
2316,13.918834652603223
2317,11.78761928333105
2318,16.169869170283306
2319,17.641265420834443
2320,14.590538272727914
2321,12.984165990710796
2322,11.383432556932567
2323,12.313602025820813
2324,14.00139502604456
2325,15.69532408238943
2326,13.34503251602942
2327,12.100383410069078
2328,17.17222658929461
2329,12.988987210230416
2330,14.68171509555116
2331,18.00910666858275
2333,18.65937298800871
2334,16.047426447813272
2335,15.823344872047478
2336,12.37507655620517
2337,10.266387939006165
2338,11.265978597056357
2339,15.255323884882204
2340,16.70743641043364
2341,18.78814968070882
2342,11.373962319703299
2343,14.971887824001117
2344,20.368569717246906
2345,16.569556528638813
2346,15.285973182018841
2347,12.991307962151776
2348,12.77146200582965
2350,12.738467318473221
2351,14.313403890433563
2352,11.834124842229466
2353,10.759251972794628
2354,25.63538656785978
2355,11.96770373241957
2356,17.90760302951982
2357,11.82662145703103
2358,12.83047174044586
2359,14.53760016141931
2360,15.012495345849961
2361,17.125584545527875
2365,13.581322742679012
2369,14.055132333302472
2370,11.960166179140186
2371,13.059524127625053
2372,14.568841552271147
2379,18.999227855375203
2380,16.122802687509328
2381,12.530051133463166
2382,13.213347445808253
2386,15.73003514747181
2387,13.186197649239055
2388,13.558774731785888
2390,11.405832488071672
2395,14.382617527998121
2396,12.888449612096728
2397,21.37793163126476
2398,15.803042307712522
2399,17.814729155013627
2400,30.761486498826592
2401,15.084102948145095
2402,26.07701479324376
2403,12.918134551421812
2404,18.723856740698455
2405,12.429911603412146
2406,11.635043598494986
2408,25.505945868356548
2409,12.224943401704047
2410,16.447940252048358
2411,14.279296690359642
2415,14.4812108996628
2420,17.27227912980462
2421,16.165427986513816
2422,12.917485078558915
2423,16.46019587575892
2424,13.81874158011581
2425,12.055412220283404
2426,17.48457016493715
2427,14.514629131377028
2428,12.091245959206574
2429,18.00543487123564
2430,11.918913200533545
2431,16.247609909527338
2439,14.755734264319237
2440,13.965294258657233
2441,17.81494552548295
2442,13.047703670214606
2443,13.81309772761559
2444,15.112752618704645
2445,12.909759833540802
2446,34.56668567349592
2447,12.637218416717925
2448,13.668714854372409
2449,13.22058342884238
2450,22.26557294512436
2452,13.839603396344145
2453,16.025502113201295
2454,14.734816812971966
2455,15.500699610379634
2456,11.46064673201758
2460,12.337551807834346
2462,14.711252128479579
2463,19.63095449880689
2464,18.166321548437462
2465,19.35576116641337
2466,14.96652824551651
2469,15.093607753292645
2470,18.51766325502882
2471,30.92725782042346
2472,15.732054055211263
2473,12.41987591468523
2474,12.491611927063495
2475,17.06106402122853
2476,11.420691538857579
2477,20.963334123563037
2478,12.24534030788193
2479,12.195281496809553
2480,12.169567299665411
2481,16.853341954718505
2482,13.197558644896043
2483,15.60917961492846
2484,10.79855775509312
2485,19.87263252733969
2486,11.774642104964162
2487,15.738171874114622
2488,18.655018267731243
2489,13.232193723627592
2490,14.900705186031287
2500,17.923606774915445
2502,21.38580978513651
2505,20.977901773067117
2506,21.54764251681844
2508,13.699888042963847
2515,18.616874104962434
2516,21.746835175777996
2517,26.07287248797953
2518,12.129147595416196
2519,17.906999594627997
2520,14.509175879261557
2522,12.493311977057658
2525,12.993055502480221
2526,25.949847435650735
2527,12.08254695149221
2528,13.412185200489313
2529,13.273858432915528
2530,15.32595194583363
2533,15.515374396575657
2534,26.52128359950667
2535,10.061398700214196
2536,12.422884546660073
2537,15.602582775101045
2538,11.7545952972349
2539,12.871327067107158
2540,17.461715744763847
2541,15.367593415684967
2545,14.11447796141209
2546,14.14747247110856
2548,19.13719327304691
2549,11.826856351662444
2550,14.511524954978558
2551,19.18522907801625
2555,14.027863837033136
2556,18.667628493548403
2557,27.70728444621675
2558,19.787957251875447
2559,22.912881544702792
2560,13.427173207278972
2563,12.746987293845253
2564,15.059654371048067
2565,22.00702939853249
2566,16.60404534991681
2567,12.146675934953826
2568,15.248130457339064
2569,15.461033395445147
2570,11.73369612923918
2571,13.075072172105482
2572,20.043710278617276
2573,14.9066157278053
2574,16.912993895026784
2575,18.15114187820092
2576,14.537394349912347
2577,15.091210261032318
2578,12.334542386185726
2579,16.698700806227105
2580,11.672141953443456
2581,11.63232291574002
2582,14.935744449025629
2583,14.070146137529282
2584,16.13127171386179
2585,17.80699258107359
2586,16.192604890966734
2587,12.342460740538133
2588,14.895281228286173
2590,13.764104576947055
2594,13.325294392882222
2600,21.075485494277032
2601,17.56001508791763
2602,12.45254656318068
2603,11.798737335909038
2604,15.984798020697104
2605,13.944619754474429
2606,10.778415741785462
2607,16.334450056232622
2608,13.714545190668781
2609,13.689989343942866
2610,12.145217872866567
2611,16.975328293316174
2612,15.837011520201802
2614,10.959417081548157
2615,21.09539839664293
2616,14.292522515002466
2617,12.661956046621775
2618,9.832000048376898
2619,18.45449249597786
2620,16.083772366704878
2621,14.461804162314762
2622,16.644843954899144
2623,15.833401455514213
2624,13.56423975060696
2625,16.78337256673766
2626,13.522168564751498
2627,12.32296915088446
2628,13.631751785616405
2629,12.441171218593185
2630,21.350340422378427
2631,14.395446943251406
2632,16.034402693140777
2633,14.251847732717762
2640,19.560878550127498
2641,9.22474499762666
2642,15.049799571558983
2643,15.725612908333057
2644,13.239320358031515
2645,14.553847082678718
2646,14.65040996660219
2647,27.960512308394936
2648,21.52616355257436
2649,14.873607849091627
2650,11.482229342155712
2651,14.688541433430435
2652,11.173550068967366
2653,13.049294861552568
2655,14.741534795890768
2656,12.657109625124336
2658,9.818134206488827
2659,10.809151309062795
2660,17.01686632326235
2661,12.648395344680731
2663,18.342186575223476
2665,20.39396015764628
2666,13.152764416303047
2668,14.57170057259232
2669,12.08853584402963
2671,13.207076021936425
2672,15.897314773286881
2675,16.422972490773923
2678,13.588277490271945
2680,14.177174972630766
2681,19.079301226414938
2700,17.090396181672453
2701,16.080738581429138
2702,20.941217056887993
2703,12.382756466886997
2705,15.533336700783451
2706,12.650453588728377
2707,14.686736618511471
2708,15.432726858065713
2710,14.931845102498725
2711,10.86130037433886
2712,13.321918384729882
2713,13.292234521808814
2714,19.631744052203313
2715,15.421030252778317
2716,14.3595695981533
2717,18.231895653868648
2720,13.67544584230555
2721,24.3044199918782
2722,14.03122379906527
2725,13.305548085669468
2726,17.40984647589028
2727,16.508918150599975
2729,12.445208347439351
2730,19.265291197388255
2731,13.165944152036449
2732,15.354899178439979
2733,13.50819138088747
2734,16.57110230958037
2735,12.800364478702376
2736,12.371609025541739
2737,9.950306313346982
2738,11.49633912248882
2739,11.455288684483419
2745,16.811869717600636
2747,11.148658566224931
2748,17.81123121743858
2749,10.97237064013441
2750,15.337240527433773
2751,13.79675720812388
2752,13.327010467645932
2753,19.191039784387147
2754,16.644188959021072
2755,12.745857532519864
2756,15.497897597073603
2757,12.284174257428889
2758,12.78445233177426
2759,13.78884790682345
2760,12.27581620202933
2761,14.41911091488727
2762,15.23345840304562
2763,17.191431527733975
2765,16.697429614360306
2766,12.264364959513804
2767,12.397982096929349
2768,13.603139540696818
2769,28.260604941158864
2770,45.280972820930884
2773,19.95127253138825
2774,12.109704318747276
2775,19.960104394900235
2776,15.119930769677708
2777,13.002240946759121
2778,10.68860238710522
2779,15.547853990715303
2780,12.870085566363052
2782,18.317664286232915
2783,16.825012356028296
2784,19.756871649157567
2785,13.790632434791796
2786,16.475087074174464
2787,13.02231913927319
2790,13.646241132315506
2791,23.63766273344358
2792,13.58925261702663
2793,16.65270550856357
2794,18.510511057102566
2795,19.663410825746563
2797,14.771554017559051
2798,14.460195601674585
2799,16.345370131232972
2800,16.308140028568683
2803,15.634444815004564
2804,16.372094740161575
2805,20.768937602157465
2806,13.897601113402857
2807,20.38370496453537
2808,13.91983743792912
2809,14.356889112112016
2810,16.088337691616676
2817,11.813285907962594
2818,11.647737460186669
2820,18.683911144939916
2821,23.865655341740304
2822,14.211436440135792
2823,14.831713819930972
2824,12.916802809986478
2825,16.248412385807725
2826,15.738922588512075
2827,18.79315688591207
2828,17.301655651205422
2829,13.959058076471758
2830,15.342403164638604
2831,10.51668867261922
2832,11.73899047471048
2833,13.888888664282934
2834,15.180037198435059
2835,10.24806535769596
2836,17.353523910968214
2838,12.030041986181692
2839,13.156667715652354
2840,11.38731018332202
2842,12.79923234049844
2843,13.358541997496573
2844,12.274986595606395
2845,12.424832612248752
2846,12.198168995169226
2847,22.12687471975245
2848,15.455744818531068
2849,14.196668918001656
2850,12.941554758415718
2852,12.898973660611734
2864,12.800405506092543
2865,14.990704648373692
2866,13.752182209250051
2867,14.133414591769752
2868,11.484519423117492
2869,14.804118664518805
2870,25.989417674723825
2871,18.984484769777882
2873,24.242310703834082
2874,11.98076912972759
2875,12.186626241924545
2876,14.011369482321301
2877,12.937449208860153
2878,15.927330808181129
2879,14.553461591983348
2880,10.83665391696755
2890,13.348070125123705
2891,14.29074844129973
2898,12.664930733729157
2899,12.914079607895472
2900,13.781826080711566
2901,14.913440577281705
2902,11.721696281418497
2903,14.641605277841366
2904,11.993377965649353
2905,14.597793805197773
2906,15.058486672464628
2911,17.387607940640752
2912,16.72416379490635
2913,12.110596112909363
2914,16.28015184027952
3000,12.744333182841066
3001,17.516091267058957
3002,13.683727805451827
3003,16.958651880906746
3004,20.743857618332658
3005,15.355051501659167
3006,14.526234827837705
3008,15.041174517218423
3010,10.446466067721556
3011,15.58727383119527
3012,13.492474374273005
3013,13.71152548029318
3015,14.025720653516776
3016,16.55793618629108
3018,13.614082097278347
3019,13.911466112776818
3020,14.624713721075542
3021,12.18445157683522
3022,18.317932720961032
3023,15.236271268363991
3024,15.402280280945275
3025,13.53196746136914
3026,15.171001083810832
3027,11.895981790605529
3028,19.22935293919733
3029,12.098069260503568
3030,13.51179812274799
3031,11.116785451685482
3032,14.320640930752226
3033,15.751039364683697
3034,15.536067913319014
3036,14.587192864857135
3037,15.687228850278757
3038,10.782629191753367
3039,12.744584651181441
3040,15.103521620578315
3041,14.537750552624683
3042,13.975792627232197
3043,13.854927863839187
3044,11.303225809628884
3045,12.703505545299482
3046,13.197978850165391
3047,22.760528005721046
3048,12.607813364751902
3049,14.095025182191685
3050,13.337737281261248
3051,11.89259863059993
3052,13.559410292386914
3053,12.68169269548769
3054,12.894874221067099
3055,17.25409665930452
3056,13.061823721635644
3057,11.876985617362568
3058,19.982688035018906
3059,26.396375514457098
3060,14.768533080287547
3061,19.474025947773203
3062,15.72083444744876
3063,15.896377886224924
3064,19.678249945898536
3065,15.103662677140697
3066,16.108609132770734
3067,15.062649686622704
3068,13.278227672717838
3070,16.57556369258334
3071,13.623544486409788
3072,11.724830001334848
3073,15.016337437187428
3074,13.93116065482683
3075,12.038516462889556
3076,11.77378693393296
3078,14.494617012857242
3079,12.050295916777962
3081,13.268144972650553
3082,14.601152440259087
3083,11.770658643543955
3084,12.805788485384662
3085,21.153932306468278
3086,16.127454368752733
3087,14.521416061581572
3088,13.836052141068878
3089,13.445340599152024
3090,12.994381170160352
3091,14.931214411157859
3093,12.512642535470853
3094,14.021792907424448
3095,16.688837350653152
3096,11.041470668544
3097,12.016546798821688
3099,14.701233981937774
3101,14.631132067257743
3102,14.96369790472773
3103,12.225821091701993
3104,12.690754630553851
3105,15.805753572202795
3106,9.674588858218296
3107,13.224738349571904
3108,9.523632129617718
3109,13.54818689801398
3111,12.774496697875717
3113,14.643145136239548
3114,13.580220932049306
3115,12.915348783274942
3116,11.942846368284181
3121,23.148877845934653
3122,16.451902611224977
3123,26.418610604698088
3124,24.1148027363768
3125,13.185140844722348
3126,13.212618886838396
3127,15.160502819178095
3128,18.32263472252763
3129,13.614662914558105
3130,14.10960581247594
3131,31.864725493016557
3132,16.162097015325863
3133,11.463357656042398
3134,16.03404946272866
3135,13.03733735031798
3136,12.137154073073294
3137,15.243934107643977
3138,15.621836798423567
3139,12.861805240491169
3140,14.394233811223069
3141,16.300201115839652
3142,20.174795953756302
3143,19.18035318713796
3144,15.634053911462853
3145,12.880996580503496
3146,16.690285744082964
3147,15.36511491815773
3148,18.435483608304047
3149,10.677644002714587
3150,12.927188759875813
3151,18.775314185824453
3152,12.006258954536133
3153,15.87766513273195
3154,13.593818157934054
3155,14.212644885931168
3156,11.224557495248417
3158,11.845641551034323
3159,17.63910355439067
3160,17.437161602332928
3161,15.212712923044801
3162,16.40205416754197
3163,11.35311181514561
3164,16.026138416749607
3165,12.841053056073115
3166,16.594753691349162
3167,12.857499749461686
3168,15.938032276479655
3169,30.242471903836805
3170,14.108358118478263
3171,11.643992863529117
3172,11.635772670502112
3173,16.833721569254994
3174,16.332822629017496
3175,10.59819864237522
3176,16.749692519949054
3177,13.201913421400427
3178,24.134059125552962
3179,12.801576581017553
3180,15.151938655106592
3181,14.113037020048962
3182,11.656841991345694
3183,13.332892853666555
3184,13.366224909730912
3185,32.356855002898214
3186,28.413734299948928
3187,11.389986238824031
3188,22.05201930848414
3189,11.525264065906777
3190,11.491671002929436
3191,15.183842987436822
3192,11.364831421165814
3193,14.75099307552296
3194,21.47916672221526
3195,11.786471283331599
3196,19.123243607033118
3197,23.661006651731093
3198,13.807184586435813
3199,35.67850768372428
3200,15.02694904824007
3201,13.509155755618437
3202,12.721726217327605
3204,15.706589457382407
3205,12.148945763173662
3206,14.313529723019823
3207,11.992136895587171
3211,13.550325190524873
3212,10.514277378336923
3213,10.859326135168999
3214,16.293749479925722
3215,19.556127197261183
3216,35.012327020618756
3217,16.799617739139336
3218,13.957115698539033
3219,11.661872194829614
3220,13.574235097411668
3221,16.559423090834915
3222,13.839535714812415
3223,13.988322037591523
3224,13.766493415206892
3225,15.78456840378773
3226,16.959798344552823
3227,11.025009953773653
3228,11.756330718014835
3230,16.00680532973685
3231,13.848769473681598
3232,14.548210631704343
3233,21.69943811339282
3234,16.398263985208477
3235,15.10657821734521
3236,18.053414621281526
3237,17.313353019713947
3238,14.611713125155937
3239,10.810646412005482
3240,14.066164261508826
3241,16.209547111618395
3242,17.63963622749075
3243,14.908835507202651
3249,14.984703943059381
3250,13.68503338253429
3251,18.473804643900202
3254,11.055369588897243
3260,11.698390594517555
3264,11.16427764119051
3265,12.18001141334601
3266,18.6435564448497
3267,11.979792271765934
3268,13.825647331689396
3269,12.107447891099852
3270,13.117444640635533
3271,13.565171533365882
3272,11.842725567573806
3273,13.196914767788742
3274,17.972842365405292
3275,16.40893253963791
3276,15.72389284254773
3277,13.489066223439892
3278,15.060428743852361
3279,11.948041324948784
3280,12.964128453120363
3281,13.07081838347824
3282,19.175464893407238
3283,15.339962187151578
3284,11.881772980053823
3285,11.965620596307053
3286,14.106960986137594
3287,18.015034708906413
3289,13.337034217401985
3292,20.805190370136536
3293,17.082340902607157
3294,10.578501876410407
3300,19.857308235849825
3301,22.1424545045224
3302,13.327606332241718
3303,15.088005518663028
3304,23.42462371008079
3305,13.777851409943764
3309,16.080564977046944
3310,13.363444151283714
3311,14.056965193249495
3312,12.010186662256999
3314,14.100455947838721
3315,41.866889999357554
3317,15.042617439448524
3318,14.074448249971535
3319,12.995433409002421
3321,13.722728446057733
3322,13.673914782502392
3323,13.147788357197612
3324,19.455245782255993
3325,24.236067144438273
3328,10.391496440669304
3329,16.400572294328047
3330,10.254744539795677
3331,13.582052885510304
3332,14.298117521256136
3333,14.647862637140626
3334,11.232555827044369
3335,18.80667756066224
3336,16.561788039595037
3337,14.343909782611656
3338,15.525668094649026
3340,11.569391502154623
3341,18.157109456750966
3342,17.592719881063992
3345,18.828976623498875
3350,15.785781289094011
3351,22.077916681000403
3352,15.183863111694446
3353,14.596339743192303
3354,15.472670700221109
3355,13.71123859161999
3356,15.428547077526204
3357,26.39508788646723
3358,17.43568064187394
3360,16.55213727514733
3361,10.935547837136053
3363,16.829907677391997
3364,19.535887986181827
3370,12.866100297836121
3371,12.675580427224997
3373,12.868935160156004
3374,52.51626622190817
3375,14.928288237116313
3377,9.665544505669656
3378,14.960948762692349
3379,13.270064629470184
3380,12.107145369317712
3381,14.050574602826421
3384,13.938753785832953
3385,23.53416974887582
3387,17.13919261341974
3388,17.97643609355224
3390,13.027201584731424
3391,12.302809957484214
3392,14.432357487683804
3393,13.470281309695316
3395,12.146811141143854
3396,16.435941170637566
3399,18.807214228682977
3400,13.869858787040087
3401,13.06855753313131
3402,18.37718366592174
3407,18.258152016081773
3409,13.70194771644039
3412,14.209486472465509
3413,11.802536988968471
3414,12.03859087445676
3415,14.026408162654182
3418,13.184974746268711
3420,15.423704751886357
3423,16.045430402607373
3424,13.300509592525023
3427,10.980382717792752
3428,14.799202982176222
3429,15.061097755193241
3430,17.905546422401322
3431,13.737714930422783
3432,16.5742802125416
3433,15.430460874227556
3434,11.113204229425438
3435,13.172264401746206
3437,18.340448305090195
3438,15.863164648970534
3440,14.272276162575906
3441,15.859752100789763
3442,14.598491570516371
3444,12.188823781718696
3446,12.29806908065162
3447,16.549496098804855
3448,28.576025740361708
3450,11.552049746660378
3451,11.195517547696856
3453,12.260546434974108
3458,13.728449799539211
3460,13.80234101377328
3461,12.995936018783738
3462,17.095175364657482
3463,14.282511585769045
3464,11.741896824773786
3465,13.441122445648556
3467,15.54822632155321
3468,11.437268823727095
3469,10.899200344877269
3472,11.958520185384344
3475,22.74634811320416
3477,17.30641522877417
3478,13.083069598671745
3480,11.975214310092698
3482,11.921540312557639
3483,16.796548431991535
3485,17.220693108037857
3487,17.98834424907801
3488,16.414445417884885
3489,10.747530516612885
3490,17.048445546605034
3491,16.787463864151867
3494,13.39291402657971
3496,19.335471117386458
3498,12.081660710056793
3500,16.97294132328398
3501,21.63033312565561
3502,15.197140910375172
3505,10.549862246344711
3506,14.456103311500417
3507,16.50561581872137
3509,23.76606443701179
3512,12.314510627856505
3515,12.33737147070597
3516,13.973766160684931
3517,14.664337359767073
3518,14.4510247460091
3520,15.36416953185584
3521,13.740069979473423
3522,15.93779795549496
3523,14.018552293313958
3525,13.178147360162358
3527,10.832870755740185
3529,16.52764323546056
3530,11.586433630382741
3531,11.533172505099223
3533,18.54124065591683
3537,20.6401938246025
3540,11.979462637280506
3542,22.52906253705455
3544,16.824533417323416
3546,13.505322470700571
3549,14.461730451927242
3550,14.834841820627728
3551,13.762985864617605
3552,12.304001001227642
3554,14.732575390315988
3555,14.073849689914192
3556,17.726221812904253
3557,16.792789524662474
3558,16.340638908294455
3559,16.94542816675831
3561,10.462260759791507
3562,14.744716166000574
3563,20.947958695024685
3564,40.16861064886415
3565,13.544690819498852
3566,14.729577720299552
3567,17.686269233235727
3568,19.487507250967514
3570,18.962565238363645
3571,11.357326402199964
3572,19.204012580146095
3573,12.428843334547466
3575,27.04733100797473
3576,16.419147038125583
3579,12.310667758273853
3580,12.7922534552588
3581,18.138961023762054
3583,13.83954768167028
3584,13.374096664844664
3585,16.076742757944874
3586,16.128258273754117
3588,11.18335366347853
3589,16.003023739578992
3590,11.13476104585415
3591,14.496934279929414
3594,12.237594172109626
3595,11.586988422311455
3596,14.903485334519218
3597,23.86918936217677
3599,12.48208571915953
3607,12.89216519305449
3608,11.875882693975845
3610,11.384779483180209
3612,13.174206114430579
3614,27.32219603422992
3616,11.993943805632824
3617,19.999805620820414
3618,17.17993957612717
3619,12.58501359837886
3620,12.198894023830324
3621,14.225387022102728
3622,12.806921262704218
3623,19.32935146962918
3624,15.744873568445017
3629,13.469267268091238
3630,13.993153169507242
3631,17.298607488225173
3632,17.01965812681506
3633,12.701458760222394
3634,14.130545378981447
3635,15.824816446234019
3636,22.405054480954274
3637,14.738850482896158
3638,21.811837963330095
3639,9.924437959545088
3640,17.90688868214413
3641,15.29903038604747
3643,15.943903847196866
3644,17.815757576251183
3646,11.514147670045473
3647,13.80628943307798
3649,18.05265577201032
3658,15.803042594689087
3659,11.67432045276495
3660,15.485676359589615
3661,15.486635429087348
3662,20.35584952300776
3663,19.757752198242958
3664,17.006167324850313
3665,11.783932597336168
3666,14.997872768095274
3669,15.629908481086323
3670,14.461390635737116
3671,11.681772481483069
3672,16.17368795634201
3673,13.991206886513087
3675,13.502908248288916
3676,13.251365051693512
3677,22.859940739381077
3678,12.79443822504794
3682,13.41706330136365
3683,14.778950198014616
3685,11.512625527011613
3687,13.027218458178968
3688,12.179030331093092
3689,14.827037535314462
3690,16.616597384194048
3691,12.811496116995471
3694,12.599094090337196
3695,12.64939332973726
3697,13.36478374564385
3698,17.276860192987947
3699,12.831050900880458
3700,10.521848609376335
3701,17.355377167737117
3704,16.08264335819567
3705,14.122525735340428
3707,21.611612512141683
3708,11.877653351781708
3709,12.488038884882332
3711,13.217883665748051
3712,12.24829562259405
3713,17.895673780557807
3714,16.278371275080275
3715,16.318260049724138
3717,12.443128963862005
3718,21.770190931937144
3719,14.769254872657166
3720,11.44994561053037
3722,10.80574816022096
3723,16.802929357818655
3724,12.179548858105775
3725,15.681274450290699
3726,17.919485508502273
3727,16.47671543842321
3728,12.952692573302778
3730,14.869096204174133
3732,13.220584581524642
3733,16.718026943715497
3735,15.353457019586427
3736,15.722241501447272
3737,19.357908060905626
3738,14.703113884845784
3739,15.65633866276375
3740,14.248613880870975
3741,15.72246537945654
3744,15.418280126185852
3746,13.2853381829879
3747,17.720167360723572
3749,14.688669471121063
3750,19.22701586222602
3751,20.404500615278835
3752,10.073768097008974
3753,12.172547116445504
3754,12.070984401305356
3755,16.63220385182018
3756,14.363789186760936
3757,22.152197925771635
3758,19.33019987942967
3759,20.268556693752426
3760,12.137475827507258
3761,12.984913139024973
3762,12.245883561576722
3763,14.277858110534918
3764,14.544879471946237
3765,12.552147121825598
3766,15.781905453205466
3767,14.583286748520006
3770,15.047454528825346
3775,15.67961031485577
3777,17.899205705521528
3778,13.880629868077111
3779,16.86264424279434
3781,11.648170741436683
3782,15.434464151736133
3783,20.74453848859711
3785,13.845356632000936
3786,16.2080474178038
3787,17.237749286937614
3788,12.821894949069089
3789,11.159994616324333
3791,18.425011979615295
3792,22.846587404952412
3793,15.378764757918052
3795,14.283071402987538
3796,11.472761884306717
3797,14.860295819199273
3799,16.105294269425276
3800,12.742552666313673
3802,12.098744573460777
3803,11.793607629684562
3804,19.957788888239516
3805,13.94205473277285
3806,15.963030716868237
3807,15.727777155375755
3808,14.828130551317809
3809,16.180067503900258
3810,16.906725156643247
3812,15.449214361097312
3813,46.22896877009751
3814,15.748779085343621
3815,13.786215309311682
3816,13.02531243123832
3818,14.896223015798613
3820,10.93361136260603
3821,19.746954136287663
3822,16.437464449310674
3823,16.591729417735937
3824,15.198617676583316
3825,12.45562248091559
3831,19.004205864501714
3832,36.61723527186809
3833,19.19473786286344
3835,13.975723272064174
3840,13.901933767488373
3841,19.042469007003742
3842,19.519218826269054
3844,21.428208320436827
3847,15.480281463389701
3850,13.874895663400347
3851,15.259398260541841
3852,12.219576296845394
3853,16.755643590272296
3854,19.548466872583578
3856,11.912843516039313
3857,11.810549976647142
3858,11.366689114190033
3859,13.851914488143535
3860,13.049814611881768
3862,15.183743008101077
3864,15.535723102616354
3865,14.484384004627469
3869,19.106052046992467
3870,13.299593107045657
3871,15.914613457300687
3873,13.466154856036008
3874,14.814027752975177
3875,13.849853764550515
3878,25.69322737693454
3880,16.380734308489085
3882,13.251104009107408
3885,19.219088214709743
3886,11.307724652777509
3888,13.760783400202756
3889,16.090009680630832
3890,16.768649057331853
3891,20.489349267220366
3892,12.382749350972135
3893,18.727098799385633
3895,23.015344810477472
3896,17.387224279000698
3898,12.835800239609343
3900,17.01633881204711
3902,25.628126327894357
3903,13.030245505655296
3904,10.459570741286807
3909,14.542742326719344
3910,17.595981662096747
3911,17.586267117014696
3912,11.718105375110499
3913,30.21419355318925
3915,14.972790313689458
3916,14.946843598024202
3918,21.60428994412391
3919,16.71097642833826
3920,17.411434468549395
3921,14.013052452898497
3922,12.887353453174907
3923,13.877534077802046
3925,13.692613338510883
3926,17.23687702242343
3927,10.663132442534009
3928,15.964031516779924
3929,14.48260196924436
3930,25.055263040713776
3931,11.883025084912843
3933,14.904079412909978
3934,19.582389817912027
3936,15.8571944314579
3937,13.039006474386643
3938,11.197903258654778
3939,15.230462477391244
3940,15.742772222271846
3941,12.77787512650344
3942,28.141969231900802
3943,12.39793091860901
3945,17.548392389229527
3946,16.386935544576104
3950,11.328748696127304
3951,13.21448001088539
3953,14.741188901673532
3954,15.198903127317612
3956,13.988901352956876
3957,14.615784051856911
3958,14.092393820642446
3959,19.49576485886051
3960,14.485910491695723
3962,15.958641993503328
3964,16.284829218893048
3965,15.531374998488188
3966,11.750224574130222
3967,11.05065747799901
3971,11.880535576561286
3975,14.495062470669154
3976,9.284005158154619
3977,16.367193999920215
3978,15.191237061199176
3979,14.851673038964066
3980,16.698429153412956
3981,28.860456208752552
3984,13.622974613796801
3987,20.17245139272548
3988,12.48709762960793
3989,14.64210381603817
3990,18.051273755178737
3991,15.423916283329888
3992,12.857382349107798
3995,16.416974738230433
3996,11.753431434841415
4000,17.9883307665163
4001,15.561690313451654
4002,13.836842293110884
4003,33.12306853183273
4004,12.940216245355689
4005,13.366404823614761
4006,17.22133557355964
4007,19.909769478069265
4008,12.220449434895507
4009,15.286957702095412
4010,26.223922601356946
4011,14.754006700834232
4012,16.007154494020487
4013,15.787881757100097
4014,14.121968809192325
4017,13.397984888285228
4018,14.730907093451313
4019,24.587137893719888
4020,12.490626477673615
4021,11.877797386406069
4022,14.212554884256948
4025,40.67537164472739
4029,26.580666519194526
4030,13.409856716949909
4031,12.805747150908957
4032,18.240972719704146
4034,12.275784389718895
4035,24.55441005628724
4036,14.317216060067905
4037,16.157991676218227
4051,9.98347948494308
4053,12.121664796099036
4054,24.495376790843103
4055,16.80972673048015
4059,19.04655507045209
4060,22.942553675715462
4061,10.458183530770444
4064,13.439065067394392
4065,15.680113949141589
4066,23.198032126149645
4067,10.88003991426036
4068,15.870427038227268
4069,16.842890293984787
4070,16.970000593955763
4072,23.80895073467232
4073,13.85755997155965
4074,16.74577185671308
4075,18.372501113072527
4076,12.510361125692755
4077,10.58414635503079
4078,11.078527514549332
4101,11.09230619528323
4102,21.122708309320085
4103,19.174950945700687
4104,16.424777715233912
4105,13.43154933997026
4106,17.106581040665155
4107,13.737960067751928
4108,11.80848155115967
4109,10.960610019296432
4110,15.201569736820012
4111,15.798103652956181
4112,15.150300531315537
4113,18.938378106112996
4114,21.042737771693687
4115,20.898150072099146
4116,18.06899399475626
4117,13.62295682396412
4118,15.22022633295383
4119,13.82645127564209
4120,12.834648067320217
4121,12.744235444480811
4122,12.742991090656176
4123,12.37043470188305
4124,10.501913152098902
4125,13.90990561326291
4127,15.311068546134026
4128,16.980922690228876
4129,17.855588848279762
4130,15.586952820862365
4131,13.095425971198106
4132,13.910717022476497
4133,15.70158610802429
4151,14.118563896296626
4152,11.710681669879888
4153,15.695467058248544
4154,14.028839721735746
4155,16.010017686637692
4156,19.84846008713722
4157,13.873924883580537
4158,16.18652152664506
4159,16.34741582798124
4160,14.651544684049378
4161,11.878385040623174
4163,12.118270253913373
4164,18.06792696931394
4165,13.84751326360384
4169,13.753135778463514
4170,13.790154277039106
4171,22.005852120516238
4172,15.60523860666604
4173,12.251053467193316
4174,17.340614115068433
4178,12.51677553840485
4179,14.924986112661658
4183,12.682943866049392
4184,16.466965725455008
4205,11.590854495450348
4207,11.71782649706071
4208,16.059695842363062
4209,14.084203432099718
4210,17.746483383413192
4211,21.317959707302236
4212,16.719128273497212
4213,15.85033807706883
4214,16.334709682807468
4215,17.116248764230196
4216,10.540858711426194
4217,12.115390991133895
4218,11.976804781247383
4219,12.31599116253373
4220,10.731530302594097
4221,12.719862116789065
4222,21.510571637916957
4223,14.77740721786647
4224,18.55705434740453
4225,13.504414822216374
4226,13.302683255286626
4227,13.638535565077307
4228,18.814815693830067
4229,18.405954398808653
4230,28.99648167032935
4270,12.154676031357385
4271,11.27321871980836
4272,13.820071778613656
4275,13.548195823504194
4280,16.381214495027404
4285,12.872264354931556
4287,11.393866216938314
4300,13.858552038992608
4301,12.715053315581523
4303,14.390086802591258
4304,12.247006496961665
4305,9.540679560072315
4306,10.30781853039002
4307,11.744234310513297
4309,16.22485073100135
4310,12.9910925485104
4311,19.265304885872876
4312,13.83300100134494
4313,17.5574121548612
4314,13.164909986358104
4340,14.954822213742453
4341,12.797211076607688
4342,23.20141947877091
4344,12.200113999974675
4345,13.523470336110137
4346,14.1564809427074
4347,22.66815296086659
4350,16.92269809836837
4352,17.448493455111908
4353,11.54904268281349
4354,14.82091262047627
4355,17.27370073601571
4356,17.414791275450575
4357,16.77007760168627
4358,12.522486714717047
4359,13.441058470505071
4360,8.730805601075781
4361,15.210994354461896
4362,13.75113292952159
4363,13.426556556586286
4364,14.326626770457525
4365,12.591990375230816
4370,13.235337588684942
4371,10.28152273311964
4372,10.556671598382437
4373,14.37995135200085
4374,13.140035213690675
4375,11.677886507783468
4376,21.010878432487466
4377,12.916473247594928
4378,19.883901947739812
4380,15.115359213376362
4381,12.534900192133165
4382,12.780150798121303
4383,15.112475726220634
4384,12.295478351066384
4385,18.183489420569938
4387,13.326105610714087
4388,15.511719902773514
4390,16.906905377430327
4400,13.647006768492217
4401,22.88735495100402
4402,12.815095174694244
4403,11.807068441658968
4404,15.176921241706175
4405,11.566975414889573
4406,21.885446588149165
4407,22.91962817278353
4408,26.18520460437461
4410,15.399338056871136
4411,12.563710683215634
4412,15.319070178696743
4413,24.55845937394389
4415,12.463133284236338
4416,17.242977382121115
4417,13.364903057563495
4418,15.68355081726687
4419,18.64998303519184
4420,18.05327626933916
4421,12.741348019470653
4422,11.442080942283484
4423,13.462244574701996
4424,15.142672626203957
4425,11.524454825182918
4426,13.174953784696877
4427,19.45851585746312
4428,12.447922512272024
4454,23.349934063107323
4455,15.658804963476564
4461,11.00809074990092
4462,14.38603253741529
4465,12.178304996063982
4467,15.592172282839687
4468,14.354409458137303
4470,12.590426581127547
4471,15.245236673393517
4472,14.054660335432846
4474,20.046031813017873
4475,16.51496247110834
4477,13.669452641830905
4478,17.397194746661892
4479,11.68724110446805
4480,26.779617729473337
4481,11.43648362367534
4482,14.045191647446346
4486,14.11315777744129
4487,12.194142926409905
4488,12.965210661664262
4489,11.710883500524869
4490,12.731077528226066
4491,12.156072688601691
4492,11.783150923156105
4493,17.309594096605213
4494,15.119527258676749
4496,15.43318684376187
4497,10.938452792257829
4498,15.313508602656404
4500,13.23448294790693
4501,14.095494582619601
4502,13.565421965042606
4503,13.120000613087235
4504,14.81386592103073
4505,26.84789236044391
4506,14.586326519174555
4507,13.238384072900566
4508,18.123563747391753
4509,13.898159746996392
4510,11.89112654916737
4511,13.911170877881267
4512,11.669071555692799
4514,12.161779038280214
4515,17.642435137908336
4516,16.314438261745522
4517,16.939670067568883
4518,17.82873378332683
4519,12.78503360716399
4520,14.39631650564357
4521,22.67423089026974
4550,17.26975669971275
4551,11.138070077283675
4552,14.137774533544723
4553,12.239777451131454
4554,19.40927056525307
4555,14.185612398268352
4556,15.546219262732935
4557,15.362985929728865
4558,34.257263122052045
4559,21.769910440782503
4560,15.782251128744303
4561,12.008125787579903
4562,13.777948751254073
4563,15.39435522668357
4564,14.486412756547407
4565,16.814646904983277
4566,18.68073803240574
4567,12.96166139864802
4568,11.71787888327953
4569,13.696419011471386
4570,13.308224729930595
4571,14.513810380979333
4572,14.065368404701193
4573,10.650198058496311
4574,15.327718771346026
4575,13.319728890143637
4580,22.638166793978403
4581,13.270899237648058
4600,14.373128244724665
4601,14.290190555896372
4605,17.34642158950871
4606,12.401966807231174
4608,17.50935987480422
4610,16.90303627094824
4611,14.904900041030364
4612,12.643023901586334
4613,15.319237603813885
4614,14.149888839359294
4615,11.949164917974553
4620,20.654951915761785
4621,13.07927281806882
4625,10.80322839491032
4626,12.241043777405533
4627,11.835387193246188
4630,20.201337834492808
4650,14.696708857750535
4655,14.847381847041778
4659,16.768260725554335
4660,12.237429117590596
4662,13.863227935476994
4670,14.108246314822235
4671,11.646510590212996
4673,15.88934132779126
4674,16.213313442875222
4676,16.091776076576945
4677,13.261636326081334
4678,13.639033051837295
4680,15.050141657496454
4694,18.25091581487822
4695,13.983797404045754
4697,14.405632839265479
4699,14.084535616860611
4700,17.34572909355817
4701,13.083287321464233
4702,12.931711935326499
4703,15.649831244542865
4704,15.583938423708268
4705,11.055616631786476
4706,11.182136403384256
4707,18.403244817244882
4709,12.372911646424509
4710,13.68087059737644
4711,20.248211463213156
4712,15.822542826048275
4713,15.563039111506141
4714,15.565488436215281
4715,11.478108794289291
4716,14.990072482924788
4717,19.799109319783454
4718,20.14534201033126
4719,16.146971526554278
4720,30.249608000719025
4721,17.02069565338025
4722,12.537032705814669
4723,16.04129989231196
4724,13.841037839761443
4725,21.93213449792413
4726,11.693626522142935
4727,20.281112627239853
4728,16.119252405348792
4730,18.04181793530574
4731,13.110901879963832
4732,25.497066247550606
4733,10.997206913876289
4735,15.310616280522867
4736,17.010543875375493
4737,14.556198655233766
4738,13.199564302116704
4739,10.77138555414325
4740,13.131598961200481
4741,13.757084627706893
4742,12.126530087893848
4743,29.61990492709039
4744,13.513722521351452
4745,36.100960712641815
4746,13.588904570803303
4750,12.149538455497838
4751,11.174752853388956
4753,11.497870947381703
4754,25.077868996998024
4756,11.905447536312328
4757,14.98202099497403
4798,12.604934490511717
4799,16.233847503365755
4800,13.516659786331807
4801,14.31528597608651
4802,12.563605517772956
4803,11.331725352830793
4804,14.921903523939534
4805,10.814088828697377
4806,15.03181420560885
4807,13.997527268979063
4808,17.57700444254563
4809,16.179316525289746
4810,10.532129792997754
4811,11.833066199754073
4812,11.719532746616276
4813,12.013481685322077
4814,15.790252048163907
4815,14.011918102167332
4816,13.628419618482024
4817,12.105076486108567
4818,13.962844039436382
4819,18.471419368744094
4820,16.611572618166353
4821,13.685313919181462
4822,12.443897024208756
4823,17.907449646770363
4824,12.1537214596365
4825,12.850757994733096
4828,24.082798235503972
4829,12.6116596134582
4830,17.33061919819009
4849,14.021543763222368
4850,14.282224506139295
4852,15.162422757907738
4854,14.590300972399902
4855,14.048697169706548
4856,14.70192186297919
4857,17.338390949356707
4858,18.36046483561099
4859,18.005279013910993
4860,12.60400192620003
4861,13.397373290202184
4865,10.30076295442513
4868,19.439466436719197
4869,15.593959414772117
4870,19.672271281261946
4871,18.692492274195192
4872,11.252322533207009
4873,15.694443557096564
4874,18.613691603083307
4875,15.980161730369952
4876,17.33870961723439
4877,30.398155717316847
4878,15.827312527809546
4879,13.11328024532395
4880,18.16468488274721
4881,19.474583215182545
4882,13.34730887183538
4883,10.785391546744004
4884,15.356168527648608
4885,13.334921055634686
4886,14.646701776311247
4887,17.13763991538697
4888,13.669296731042595
4890,16.694504185689162
4891,22.66114605911217
4892,18.31732778136916
4895,17.427306291429776
5000,15.366981698084595
5001,14.323986861939835
5005,11.561318849526577
5006,15.392832205421156
5007,16.778567042457773
5008,11.452453384517337
5009,11.677053420777726
5010,14.637774687281247
5011,18.632806120641483
5012,18.299694890849626
5013,14.492461436942067
5014,17.654776163690737
5015,14.517238126037306
5016,12.085456924201798
5017,12.873604624328703
5018,12.841874157272674
5019,17.20494092474941
5020,14.962492797611963
5021,15.594993528230214
5022,16.922987671646847
5023,16.614411215134837
5024,19.108320414198154
5025,13.56048239381019
5031,17.42213538530714
5032,15.93780087142613
5033,16.48669075673167
5034,14.020275803287543
5035,13.82764708044236
5037,18.08640820530358
5038,20.02130000622739
5039,11.086843309743305
5040,11.940509531801311
5041,21.10189896048175
5042,15.602979649916389
5043,16.232138782701814
5044,14.366854757257887
5045,11.295418513060458
5046,15.415909310558442
5047,12.816134298145572
5048,10.469880331202026
5049,12.58804178963789
5050,12.838333574747443
5051,11.88007262916192
5052,21.880612127327613
5061,15.145781104038582
5062,11.922224532377731
5063,14.868295386220515
5064,24.017020583481884
5065,14.84117152999813
5066,17.30259252788416
5067,16.71941931578597
5068,14.455557383447236
5069,19.20080257153632
5070,19.548655154476247
5071,13.876980987773191
5072,11.659290759555446
5073,13.55020901200283
5074,17.08597054437945
5075,21.039386152042514
5076,20.259928470708886
5081,13.324897711665354
5082,12.099149279160585
5083,11.816947911328676
5084,17.046048457639056
5085,14.348506646430211
5086,16.902876927837916
5087,11.579731581481907
5088,10.982700177309091
5089,11.998048014584564
5090,20.70715219876204
5091,18.913256988156206
5092,14.921864782226622
5093,12.97798992942264
5094,15.289063149499366
5095,15.614865175143812
5096,13.342558606840813
5097,25.04130654055237
5098,17.179898277940843
5106,13.237125570814763
5107,11.926099806249423
5108,16.153318972144085
5109,18.56316940812374
5110,11.693779570408555
5111,14.69598040985151
5112,15.35931161942597
5113,15.28464291875801
5114,12.574426654204192
5115,15.588121922156843
5116,13.738982922553342
5117,17.258994708110816
5118,14.621531776783945
5120,12.440940811119676
5121,11.013842464047434
5125,16.443683823227246
5126,17.362852293011496
5127,14.712247668727393
5131,14.426707248087293
5132,12.821929702472959
5133,15.60033100226499
5134,12.88158668139355
5136,16.062168943215763
5137,14.543397080313825
5138,14.087082496626591
5139,11.811024017865863
5140,18.52183268865386
5141,14.00170610867061
5142,10.47850609890134
5144,14.151847720914166
5150,11.140391658137066
5151,16.21923395198022
5152,12.363543880308976
5153,12.290484772804332
5154,21.23299759836946
5155,11.609296409801017
5156,21.569183978392097
5157,12.22506502190404
5158,20.487587647454575
5159,13.066904315477403
5160,12.856256041777728
5161,16.487325996112453
5162,15.113358109554351
5163,17.045945167511007
5164,11.320762270878053
5165,15.680822667054887
5166,12.846823693316614
5167,12.84015918093879
5168,13.026914107930205
5169,27.27741929893782
5170,12.418832299235733
5171,21.68308073221989
5172,13.530497815575675
5173,16.434443978454787
5174,13.576970812354734
5201,13.45921342001938
5202,10.922997324540656
5203,15.250050792347764
5204,16.045238073385967
5210,11.278610695295159
5211,22.190300280483413
5212,11.315578166198437
5213,15.182845546907563
5214,11.226422721883795
5220,12.174260530250754
5221,19.79022206353232
5222,20.82207153144907
5223,13.350888822627295
5231,15.853939408227992
5232,16.968561056712108
5233,15.180877257350398
5234,15.484002265394174
5235,12.445978199166092
5236,13.221949539914203
5237,14.80791750478688
5238,14.849309748677188
5240,17.959717388449697
5241,18.347596130039637
5242,19.030421511946138
5243,12.09868221128969
5244,13.724934975840144
5245,13.600346765379607
5250,13.255008373961159
5251,14.268428803709993
5252,22.242664943957642
5253,14.95146425313488
5254,13.271170419576448
5255,11.9292885147931
5256,14.396976895719304
5259,13.182292934972384
5260,13.74813149175947
5261,14.865529159571139
5262,12.931583861156772
5263,14.636552651697524
5264,11.683433111990603
5265,15.826808412688107
5266,20.079369206023742
5267,19.344690063782934
5268,11.987025828903244
5269,12.720311905005063
5270,18.425154777996678
5271,16.085448839270274
5272,10.212346954096622
5273,16.677094908297043
5275,13.642433676785261
5276,16.02317806656307
5277,14.296571743751931
5278,13.291149262626476
5279,18.283490083302176
5280,13.249795963705408
5290,16.010490664780974
5291,16.560046378287222
5301,16.129403832999323
5302,17.692186954469932
5303,11.488644529698433
5304,11.796180154434621
5306,14.33866688139458
5307,14.18446211953048
5308,16.572758006275997
5309,13.803598062327998
5310,14.649213089936644
5311,11.471686821672295
5320,12.379120790102489
5321,16.093347691191592
5322,13.718901170843173
5330,15.584720800775361
5331,12.65050157754502
5332,11.65015485628153
5333,12.18675049908805
5340,21.346114512247755
5341,13.597555837069423
5342,18.044428200102494
5343,14.895963440849386
5344,17.414092830220405
5345,11.07142824277529
5346,12.99778082053069
5350,14.383643774061117
5351,16.096168568093322
5352,13.678766409964327
5353,13.34153749622692
5354,12.954580611008062
5355,17.355194390734308
5356,13.124192548339566
5357,13.099536884652984
5360,13.729559697999417
5371,35.327785275874234
5372,11.07050922433946
5373,12.414902222428603
5374,12.39522067756126
5381,16.5949880089099
5400,16.17145537408485
5401,14.737163508933277
5410,13.994490338974996
5411,24.395430821953813
5412,18.49621231718735
5413,12.537342283629183
5414,11.275662574037842
5415,12.97244597190344
5416,12.264685322844187
5417,16.10345381121803
5418,14.38382462099425
5419,24.61377634250009
5421,11.329793500369872
5422,23.44153655765832
5431,20.304876245371556
5432,12.798733883116304
5433,12.799020632301197
5434,17.53543165874764
5440,16.87316879686163
5451,11.1191805849605
5452,16.08369994518861
5453,17.379384239139036
5454,16.112410556916625
5455,11.064114775796163
5460,16.34866952342756
5461,12.497246137590286
5462,17.575346328578675
5464,16.701291178640908
5470,13.15646482445565
5471,16.21962196939387
5472,15.115487804382534
5473,14.239642398725522
5480,15.795627784990387
5481,19.040456859559825
5482,13.374516939578804
5483,15.801662145509034
5485,26.263233104898003
5490,12.848469250372782
5491,14.236242615031525
5493,26.220877267003583
5495,26.348662772890293
5501,13.226092083646842
5502,13.306683263347008
5510,20.181361460106768
5520,15.749000391272935
5521,21.52239223463411
5522,15.506625754993612
5523,12.901357022155043
5540,10.768724386850904
5550,15.301551411699968
5552,17.637852259966387
5554,16.981070260632155
5555,11.335776947620738
5556,14.805106713698862
5558,11.525560965440315
5560,15.606114932915458
5570,12.232855115988569
5571,12.698682239534401
5572,22.526725770468044
5573,18.38986661396213
5575,12.404575742725115
5576,16.827562759231583
5577,12.764589216503115
5580,14.247130394011398
5581,17.818564132126014
5582,20.05263774041417
5583,13.767955624946637
5600,18.51769234405992
5601,22.093122948818984
5602,11.410348145125402
5603,13.83187901962489
5604,12.633105629548535
5605,15.082151528457109
5606,17.73316588194419
5607,19.407939544997934
5608,11.864004619032212
5609,15.721346567726627
5611,13.762092544871253
5630,16.30790250036923
5631,10.718444866188648
5632,13.771557897153976
5633,18.887834538646825
5640,16.532606504779856
5641,17.081075086491005
5642,13.560090266795616
5650,15.367967071446959
5651,16.072881072575637
5652,10.817139763876824
5653,10.223615506509555
5654,18.481004888650567
5655,31.55061733168115
5660,11.200677141578685
5661,10.982240811300414
5670,16.813762066569506
5671,15.188867781196965
5680,18.575708484373166
5690,12.789220424531544
5700,16.437756553907846
5701,14.215116347141581
5710,21.303398158804413
5713,15.869918663408592
5715,10.803234542791746
5717,14.204912169380465
5719,11.067724271931322
5720,15.52904022181068
5722,10.766379471761116
5723,11.932257497121388
5724,13.48860222020051
5725,12.449148398711554
5730,13.915171032056428
5731,16.579542269059345
5732,34.62040516354477
5733,13.968478432605785
5734,11.898712840772255
5800,13.448728366200505
5810,13.156610688184275
5839,13.35068278035602
5942,28.867012329368336
5950,13.031873209118954
6000,16.493001260176502
6001,18.773855654233923
6003,16.075342988330807
6004,20.188378662251257
6005,19.05093481333524
6006,21.51954806765341
6007,17.045388908870255
6008,17.295776771821483
6009,11.353658026871049
6010,14.755408022316194
6011,18.866320699309682
6012,10.412986276642783
6014,17.90296974200223
6015,13.778471526323498
6016,21.473303751456
6017,14.339444768952802
6018,13.326056213519037
6019,10.535028973929558
6020,13.52065972807937
6021,15.99383248701854
6022,12.08596116207954
6023,11.879114406051952
6024,17.64048671653991
6025,18.362914734391282
6026,17.181493044782677
6027,19.191858600363368
6028,12.465682544715886
6029,12.784756295583975
6030,16.329246319499436
6031,19.79685451019413
6032,15.836467545991276
6033,14.216558002382055
6034,16.59058297397125
6035,12.042789509592936
6036,14.579427455132798
6037,17.3876819368728
6038,16.60950978513424
6041,17.054384134220722
6042,18.34845555122688
6043,18.99303224386431
6044,10.122399000892578
6050,12.111915224331495
6051,16.97603879281707
6052,13.717614175169308
6053,14.255523269130588
6054,15.799830600523821
6055,12.436136771201374
6056,15.35909524433162
6057,17.34708337747889
6058,12.507359146599045
6059,17.876564691678382
6060,13.048915877191135
6061,14.887663555456129
6062,13.819846415023683
6063,14.010747025422624
6064,14.106350696754447
6065,12.54903316977571
6066,14.887986378769368
6067,13.310410759327175
6068,12.394880511217043
6069,12.977087120532465
6070,19.08889908300637
6071,22.84660956521168
6072,13.88283198395308
6073,14.866511764399725
6074,11.870197097201002
6076,14.480308211008161
6077,15.711019872197543
6078,17.82894037569822
6079,12.859906428319771
6081,16.36325638942035
6082,13.717410937621967
6083,15.971467449159114
6084,28.874039210628816
6090,12.165606911323138
6100,13.150523112340219
6101,14.236030604055037
6102,12.860836477000344
6103,14.1964916710592
6104,17.131894178708308
6105,15.976578932559933
6106,15.156769402718911
6107,13.088756431722231
6108,12.384895235185944
6109,14.535182616643166
6110,12.952637816501825
6111,11.347842837917524
6112,16.04442769002236
6121,12.47007131148858
6122,13.406594278529253
6123,17.32671237758685
6124,10.638478699488415
6125,14.31852662254072
6126,14.385096126967312
6147,13.6183689079151
6148,17.41326702588583
6149,16.0823715725883
6150,13.043201954662365
6151,12.932081117364962
6152,15.892313410512187
6153,11.30206442444701
6154,10.196251010369684
6155,11.747829571397855
6156,12.470953862727011
6157,11.430806559706422
6158,14.107985832657985
6159,18.0725357505867
6160,18.957959485310266
6161,10.541154739607295
6162,15.285265328038633
6163,12.056252150907873
6164,13.786885932215117
6165,10.37291498741617
6166,13.653168151945621
6167,15.848598503156818
6168,19.264495155723598
6169,10.401881580963495
6170,14.307585236037026
6171,16.89667188456857
6172,15.003949564066112
6173,19.82409191532225
6174,13.541671904637093
6175,14.701932781761936
6176,10.9047582763854
6180,15.786666846361726
6181,13.782071099270993
6182,23.597849725235957
6207,12.348069749013328
6208,18.71169489511766
6209,12.512506267644412
6210,14.126012923323515
6211,10.643335630360209
6213,12.116838995349013
6214,18.477026272574218
6215,20.478879658788696
6218,12.601225246722205
6220,16.12374993440577
6221,13.260217972180348
6223,12.736842361540434
6224,11.020635118204764
6225,11.23288691299866
6226,16.22256517846704
6227,11.466334618748336
6228,14.343767164138999
6229,13.237884369954273
6230,17.9348670744688
6231,15.762417372575982
6232,16.758826658729955
6233,13.658622266423903
6236,12.409941112043233
6237,16.74482680922703
6239,14.888712539301661
6240,13.480823318322198
6243,14.915258096898283
6244,14.257839808336064
6251,20.0013297561292
6252,13.971565154406369
6253,13.450740205521429
6254,15.813561185347051
6255,13.795201682739942
6256,10.951711716374325
6258,17.31732800334536
6260,21.20804804225735
6262,13.845531003698259
6271,19.290901193694715
6275,15.393745974284231
6280,14.138110605719532
6281,24.150278626263418
6282,14.52371433249828
6284,18.652967518794046
6285,13.761430409616828
6286,16.920909615830716
6288,19.735918302216156
6290,13.198732898726963
6302,14.067200686932093
6304,15.85313685712534
6306,12.35755315533741
6308,13.175927113328028
6309,14.83336447599737
6311,15.804448228224656
6312,11.224521022710128
6313,11.301743641465807
6315,20.013971928259146
6316,13.910177034692436
6317,17.152764231092725
6318,11.142211230557352
6320,13.029263716967835
6321,15.889386978526574
6322,12.914746603734745
6323,16.77774675421427
6324,14.770355940610177
6326,16.708251795875885
6327,15.044778010405965
6328,21.734204823848422
6330,10.974744228885312
6331,15.095010085490257
6332,25.08881294791958
6333,13.193742496963258
6335,15.807098440943488
6336,19.75817122259827
6337,17.220664994559066
6338,15.148756683254977
6341,13.652241221257365
6343,15.46901800850677
6346,13.554159690368499
6348,11.335753576400537
6350,20.63441385392714
6351,14.549330830969755
6352,17.370137452345713
6353,12.680173289410103
6355,14.09378272236425
6356,13.873984109876382
6357,12.255927958857397
6358,10.949725876989657
6359,15.629370468944966
6361,14.171856134135885
6363,13.289991863476603
6365,15.346169524405719
6367,20.604501281079738
6368,19.473370632538227
6369,11.52640671293819
6370,17.635393320709163
6372,17.442576646195306
6373,17.257235670013234
6375,10.248270644367649
6383,14.410462568989168
6384,14.986211995055413
6385,20.113297318993652
6386,13.178024474553895
6390,11.93520543958173
6391,16.561091833614217
6392,13.185274521729907
6393,10.7259649488225
6394,11.477236809924017
6395,15.883646887337353
6396,11.384940862284902
6397,12.341388321864445
6398,13.956013477604053
6401,9.735351915792108
6403,19.00305661772261
6405,12.678367066543924
6407,9.957746065985837
6409,20.485184149634954
6410,14.158292047798563
6411,12.867487453142967
6412,14.157368509501952
6413,15.909619673627002
6414,12.899725859599291
6415,17.578766984622582
6418,11.766703050658567
6419,16.53169109192469
6420,10.919963339580569
6421,11.809775756439121
6422,12.648063839033952
6423,15.255756362181433
6424,11.226526160545477
6425,12.770495239784369
6426,17.182835598179597
6427,17.76970346624666
6428,13.705443109926392
6429,15.262162823236528
6430,17.396325522865528
6431,15.77683040308972
6432,13.908737449297327
6433,13.794379979808754
6434,11.794992219281678
6435,12.455901208654291
6436,21.654723735999887
6437,28.27608572786604
6438,15.579514628252495
6440,19.871754822773013
6442,12.480855873327076
6443,16.37276822021655
6445,11.051493918839135
6446,12.835126453727447
6447,20.36086255645153
6448,12.85258404225869
6450,15.63373297050173
6452,12.406825025352989
6460,15.784664275741111
6461,12.857208714488554
6462,12.185745168312023
6463,13.602992435345335
6465,18.641964983035606
6466,11.563322070016401
6467,12.403095560846458
6468,11.868607483774134
6470,18.098799940114365
6472,17.04124906084548
6473,26.103483690766257
6475,15.650775521999133
6476,12.253434228533544
6477,14.95564340358348
6479,10.511177579171843
6480,12.476180545167452
6484,17.551481141618723
6485,14.681351962208273
6487,32.359392806423806
6488,12.425096209644627
6489,15.346172867834646
6490,18.000881221241062
6501,13.97843314993486
6502,15.039683220969296
6503,12.200692192409763
6504,15.589928331100445
6505,11.370204221277305
6506,12.085780649703683
6507,15.417932287947439
6509,14.672482400333848
6510,32.59235144340115
6511,18.352492770084474
6512,24.319736528004793
6513,13.934846121384822
6514,12.512468830601678
6515,13.923989161087299
6516,15.478124099900162
6517,16.864591293698385
6518,13.18905517298079
6519,15.979653721314827
6521,15.890132162215627
6522,13.752882946805286
6525,13.98695750528098
6528,16.941763633699498
6530,12.505778730492684
6531,13.38908783736863
6532,18.74550504074384
6535,15.906435514254246
6536,10.721770111478065
6537,14.365807615393841
6556,16.513497944884623
6558,15.56532571922334
6560,13.53448465894612
6562,14.102576663123534
6564,11.56187350183471
6566,13.510018743743572
6567,12.404870150604534
6568,10.974776125763501
6569,11.994657997847186
6571,17.65738341969476
6572,17.539719195716245
6574,14.765329159336872
6575,13.246156580407625
6603,12.397603592676992
6605,11.515081390416988
6606,20.148335294617844
6608,12.985546516600499
6609,13.441488189629602
6612,25.55483701568329
6613,19.622108624693723
6614,11.351119047144245
6616,15.794626768025028
6620,12.470732140853798
6623,12.004292339661017
6625,18.3004465783822
6627,13.429644767579536
6628,13.761427607902776
6630,13.982623982533596
6631,15.022146735354584
6632,14.69212830662937
6635,12.944691678437263
6638,16.66085034882511
6639,14.269732042061868
6640,18.10337953133297
6642,16.40283620490993
6646,13.577616931248935
6701,17.96361499755237
6705,14.91285733559796
6707,12.03411640967345
6710,14.038348916473101
6711,15.153423179691197
6712,17.185467559774256
6713,12.36496040651659
6714,13.521974446166166
6716,16.76270964175458
6718,12.438589339108283
6720,34.60093827707978
6721,16.893167425964343
6722,15.402647432054433
6723,11.64421695448821
6725,9.121927037482147
6726,16.410503813059393
6728,17.136974506923128
6731,21.285921540122317
6733,11.97352740872313
6740,11.349479716542211
6743,20.465711766940913
6751,12.715589606920743
6753,12.769698314214134
6754,11.944173907454315
6758,12.969800366107187
6760,13.61088188935381
6761,15.30019487642616
6762,12.592863860978442
6765,13.789153933741895
6770,12.497669472489873
6798,16.38441252161218
6799,14.869690649125598
6800,11.846324987737324
6803,17.056169089233904
6809,14.803885210338349
6817,12.567213836309909
6820,17.34698306301519
6827,12.223561657159912
6830,12.74651733804153
6831,14.96846420639333
6832,12.746445831324246
6837,12.667890734134827
6838,16.18554665926283
6839,15.907043312187744
6840,12.807975452688657
6841,11.46785603790696
6842,13.044216043277869
6843,10.673828234419846
6844,14.515645073819947
6845,14.617611275082282
6846,16.73077487652418
6847,14.14789766742338
6848,11.195930207902743
6849,15.933527037091755
6850,25.881005405118707
6865,11.994827061933833
6872,13.06637832908808
6892,13.395421322204717
6900,10.784837394406345
6901,17.74443647897604
6902,10.505475767461078
6903,11.133774766930369
6904,14.222451445568117
6905,11.64158755813937
6906,14.078582084584959
6907,11.906709436646493
6909,12.594906811773148
6910,12.250879998943669
6911,13.716185133682684
6912,11.931998018386913
6913,20.08942306915911
6914,13.369283247703027
6915,15.035532763277454
6916,18.37290727771702
6917,16.825982483764147
6918,20.195315012685768
6919,24.189794536757024
6920,15.742762209611067
6921,12.904444232272201
6922,12.885735654873415
6923,14.135596669084759
6924,16.156859156460815
6925,12.703114450118218
6926,14.091476004204027
6929,10.53453977873294
6931,16.696677989701854
6932,19.99781778100954
6933,12.039100203138206
6934,18.16476027250974
6935,12.836963286455218
6936,12.566571056166374
6937,14.689529290544662
6938,16.30803465210162
6939,11.640503074177703
6940,26.23164890710789
6941,12.91825515444246
6942,15.854648346433994
6943,14.832562506946694
6944,10.915248674087104
6945,12.875630187935094
6946,14.516301033357044
6947,16.242236419075244
6951,12.016681869555775
6952,10.929105705087835
6953,13.5928793585454
6954,12.174395789603084
6955,16.84807733143908
6956,13.430518423864065
6957,23.200530005325806
6958,12.361486189056722
6959,12.628538522913754
6960,12.482004136599224
6961,13.777828190979696
6963,11.953411912032692
6964,12.688023925042286
6965,23.5484135551639
6966,16.873585857320247
6967,13.27400746521205
6968,14.963071156266865
6969,12.461660748818367
6970,13.469826307221833
6979,13.005204252617707
6980,14.023662586268834
6981,14.914251153901786
6982,10.144594459306123
6983,18.680774095035808
6984,16.476949010073504
6985,14.722596506416735
6986,13.388938255692938
6987,14.851270072377936
6988,12.47412950646294
6989,15.470584698040248
6990,13.981636423982897
6991,14.032356074091819
6992,15.757612356436429
6997,13.437794197387799
7000,12.959707190586387
7001,13.562912612338152
7002,19.421637071088487
7004,17.860490059911523
7005,13.80212330921963
7006,13.552541460288024
7007,18.032058150659946
7008,13.966729040445664
7009,11.46106122802741
7010,13.779367272865953
7011,13.664837076820506
7012,12.437090687308553
7015,19.510507308982547
7016,9.622444971677204
7017,13.161001331178698
7018,13.540187010202992
7019,12.562987442375075
7020,12.471918268180781
7021,11.961132514361607
7022,29.80385821220044
7023,13.692615365364317
7024,14.950925380398841
7025,15.61714611995304
7026,16.522698571471828
7027,11.950409304950629
7030,15.655200078632706
7050,14.202604086148042
7051,14.847540754008953
7052,13.392068034758584
7053,12.018817825325259
7054,15.335574001074573
7055,11.560844963238429
7109,16.515375781361648
7112,21.436197140076548
7113,15.77495604587812
7116,15.246513945160208
7117,13.794054657356146
7119,15.298659728430088
7120,11.349155631154202
7139,15.236582471644418
7140,13.538569729604754
7150,10.029358808980136
7151,19.839120277475782
7155,15.058280336665943
7162,23.52513629751884
7163,24.74675579146863
7170,15.508959701777254
7171,15.115387282204926
7172,13.141214221525539
7173,12.123270206339786
7174,13.317207433962421
7175,11.138995405397873
7176,13.7328547357016
7177,15.608496400791058
7178,19.169582203293547
7179,14.056847388871141
7180,17.451088873540186
7182,16.6575503304651
7183,11.531591535046557
7184,13.272219264582892
7185,12.70093772134797
7186,24.34721983371789
7187,16.41879732277646
7190,15.31172322315429
7209,13.918760595525544
7210,26.16779470631239
7211,14.396015587370906
7212,18.449225385424416
7213,29.97275993209063
7214,13.958036219414955
7215,14.40555579092944
7216,15.55626621482454
7248,8.497802070296377
7249,12.827752036372106
7250,15.325773213666945
7252,16.676702992331112
7253,13.787651812057213
7254,14.281642315884689
7255,13.752132930805121
7256,15.900852567495477
7257,14.832086434596272
7258,13.718213556250104
7259,20.45548241036039
7260,15.446813289245512
7261,11.287676490311387
7262,14.155605360621976
7263,12.859726728823691
7264,21.903930217252245
7265,17.267185739717778
7267,13.32352490275206
7268,16.88765036320101
7270,12.586924976997844
7275,10.733157153773664
7276,12.572055060264157
7277,17.536225554896227
7290,11.585696317310658
7291,12.747923337612278
7292,16.928425398291775
7300,13.535332510902334
7301,16.678358405789552
7302,16.749526931106487
7303,14.51140367039772
7304,24.18835856522477
7305,12.757078841504422
7306,16.97591707860373
7307,12.722781639801594
7310,20.50875147283948
7315,11.912512100051721
7316,19.20627911484002
7320,12.158208292732791
7321,12.18507129215746
7322,14.311570610188204
7325,23.498766330818547
7330,18.395776730544817
7331,12.533005950159446
7466,30.98947422186814
7467,11.477739903354331
7468,17.129226729490497
7469,15.522454837612223
7470,11.265394110909487
8001,11.648153787387626
8002,12.492688951767654
8003,15.154166966704587
8004,21.589325267829157
8005,14.2939025169476
8006,12.720669572196417
8007,19.145238639569445
8008,12.903034114537514
8009,12.41367694123529
8010,13.6426592604728
8011,12.27801612444065
8012,12.410953563414154
8045,12.19607042590933
8051,14.20390266667306
8066,21.48825173211945
8069,9.486079908199569
8070,15.495815790123148
8071,11.703179384317384
8102,14.20157668808317
8107,11.712740033025124
8111,11.503548049920516
8120,11.860939131534659
8205,19.454917765742724
8785,10.981969902861684
9000,9.514925781201235
9001,20.541602395388036
9002,15.157580436480231
9005,36.322018829189226
9007,23.369646033888944
9009,15.780304820271892
9010,17.21891171153669
9013,11.179269569634325
9015,16.96975169381807
9464,11.365251035020714
9726,17.86584133143831
9999,14.807059631917406
