POW_SA2_CODE_2021,UIE_IDNS_OMOE_Nil_em,UIE_IDNS_OMOE_1_19_em,UIE_IDNS_OMOE_20mo_em,UIE_IDNS_OMOE_NE_NS,UIE_IDNS_Tot,UIE_Tot_OMOE_Nil_em,UIE_Tot_OMOE_1_19_em,UIE_Tot_OMOE_20mo_em,UIE_Tot_OMOE_NE_NS,UIE_Tot_Tot
101021007,9,0,0,0,9,216,55,0,0,273
101021008,0,0,0,0,0,77,16,3,0,93
101021009,6,3,0,0,9,167,59,6,0,232
101021010,10,0,0,0,10,110,26,5,5,143
101021012,7,0,0,0,7,157,42,0,0,203
101021610,0,0,0,0,0,50,12,0,0,61
101021611,14,0,0,0,11,325,75,0,0,403
101031013,3,0,0,0,3,78,50,0,3,137
101031014,4,4,0,0,10,145,86,6,8,241
101031015,3,0,0,0,3,125,71,0,3,195
101031016,17,5,0,0,20,309,133,7,0,449
101041017,14,5,0,0,15,241,124,0,3,371
101041018,7,0,0,0,11,179,49,6,0,235
101041019,14,0,0,0,16,276,93,5,3,375
101041020,15,0,0,0,16,351,107,0,5,467
101041021,9,0,0,0,9,86,25,0,0,113
101041022,0,0,0,0,0,0,0,0,0,0
101041023,0,0,0,0,0,82,29,0,5,120
101041024,14,0,0,0,14,126,45,3,0,175
101041025,6,7,0,0,13,329,146,4,7,489
101041026,9,0,0,0,13,246,112,0,0,362
101041027,15,0,0,3,19,329,141,0,13,480
101051539,13,3,0,3,20,406,180,6,4,595
101051540,14,0,0,0,21,490,223,0,11,724
101061541,6,0,0,0,6,157,71,0,0,226
101061542,11,0,0,0,10,372,172,3,6,557
101061543,12,4,0,0,18,251,155,10,9,421
101061544,4,4,0,0,7,262,170,0,8,450
102011028,9,0,0,0,9,232,40,0,0,272
102011029,9,0,0,0,17,273,50,0,3,323
102011030,11,3,0,5,24,245,75,4,14,340
102011031,13,4,0,0,17,419,131,12,0,552
102011032,32,12,0,0,39,628,258,9,0,891
102011033,3,0,0,0,3,93,13,0,0,101
102011034,10,0,0,0,15,172,57,0,0,225
102011035,5,0,0,0,5,100,16,0,0,122
102011036,11,3,0,0,11,188,28,3,0,227
102011037,6,0,0,0,4,138,14,0,0,155
102011038,13,0,0,0,13,149,35,0,5,193
102011039,14,0,0,0,17,354,84,0,0,440
102011040,10,4,0,0,16,482,119,0,4,602
102011041,6,0,0,0,10,252,65,5,0,314
102011042,14,3,0,0,20,246,81,5,10,337
102011043,0,0,0,0,6,193,44,0,0,241
102021044,7,0,0,0,11,372,93,3,0,463
102021045,3,0,0,0,5,121,37,0,3,157
102021046,3,0,0,0,3,143,36,0,0,182
102021047,5,0,0,0,6,340,99,0,0,442
102021048,11,3,0,0,15,279,58,0,0,340
102021049,3,0,0,0,3,108,19,0,0,123
102021050,7,0,0,0,7,130,35,0,0,166
102021051,8,0,0,0,8,98,38,4,0,137
102021052,5,0,0,0,5,101,34,0,0,135
102021053,17,6,0,0,19,317,109,5,0,427
102021054,6,0,0,0,4,195,62,0,0,255
102021055,9,4,0,0,21,240,86,4,0,331
102021056,19,0,0,0,17,342,80,4,0,420
102021057,16,5,0,0,17,180,60,7,0,243
103011059,11,3,0,0,11,165,78,4,0,247
103011060,6,0,0,0,6,225,86,0,3,315
103011061,5,0,0,0,5,146,49,0,3,199
103011612,5,3,0,0,17,343,166,8,6,527
103011613,7,0,0,0,7,206,57,0,0,264
103021062,7,0,0,0,8,216,132,3,0,353
103021063,8,3,0,0,13,219,148,0,3,372
103021064,11,3,0,0,13,250,126,0,0,382
103021065,16,0,0,0,20,310,167,4,0,487
103021066,0,0,0,0,0,163,108,4,4,277
103021067,3,0,0,0,3,186,91,0,0,283
103021068,0,0,0,0,0,151,87,0,8,237
103021069,3,0,0,0,3,214,132,0,12,355
103031070,5,3,0,0,3,189,88,0,6,283
103031071,0,0,0,0,6,224,47,0,4,273
103031072,11,0,0,0,11,297,155,8,0,459
103031073,0,0,0,3,3,97,35,0,3,132
103031074,12,4,0,0,18,329,159,0,10,495
103031075,0,0,0,0,0,0,0,0,0,0
103041076,10,3,0,0,16,258,93,3,3,357
103041077,19,3,0,0,20,515,240,20,3,778
103041078,10,0,0,0,14,341,81,0,0,426
103041079,12,7,0,0,17,363,153,8,9,532
104011080,14,8,0,0,27,393,202,3,7,602
104011081,11,0,0,0,9,409,101,5,19,535
104011082,18,6,0,0,23,480,203,0,12,694
104021083,4,0,0,0,4,326,80,0,4,408
104021084,16,5,0,0,17,439,134,4,3,583
104021085,30,0,0,0,35,510,230,7,6,760
104021086,3,0,0,0,5,118,25,0,0,147
104021087,7,0,0,0,9,172,52,0,6,227
104021088,9,0,0,0,17,244,68,0,0,311
104021089,23,0,0,0,23,484,125,0,0,614
104021090,0,4,0,0,6,131,46,0,4,177
104021091,15,5,0,0,20,348,127,3,0,482
105011092,0,0,0,0,0,77,60,0,3,139
105011093,5,0,0,0,5,106,39,0,0,149
105011094,3,3,0,0,6,138,65,0,0,200
105011095,6,0,0,0,10,157,114,4,3,274
105011096,12,0,0,0,12,121,90,0,6,220
105021097,12,0,0,0,15,247,84,0,5,342
105021098,4,0,0,0,4,119,71,0,3,190
105031099,8,0,0,0,18,256,114,0,10,380
105031100,11,4,0,0,16,237,121,10,5,371
105031101,13,8,0,0,20,405,208,6,0,623
105031102,0,5,0,0,5,140,58,0,0,196
105031103,0,0,0,0,0,187,76,0,3,265
105031104,10,4,0,0,8,193,96,0,6,301
105031105,4,0,0,0,6,211,92,0,8,309
105031106,9,5,0,0,11,182,79,0,5,270
106011107,12,0,0,0,13,277,79,0,5,355
106011108,5,4,0,0,8,270,94,0,0,369
106011109,9,0,0,0,12,186,40,0,0,229
106011110,15,6,0,0,16,286,77,0,5,374
106011111,6,0,0,0,6,234,66,0,0,306
106011112,16,3,0,0,19,244,86,0,0,333
106011113,4,0,0,0,9,172,28,6,3,207
106021114,7,0,0,0,7,219,97,6,0,317
106021116,3,0,0,0,8,137,31,0,0,172
106021614,11,0,0,0,11,296,98,0,3,402
106021615,4,0,0,0,4,186,44,5,0,234
106021616,3,0,0,0,7,128,50,3,0,177
106021617,3,0,0,0,3,139,46,0,0,183
106021618,0,3,0,0,6,241,62,0,0,302
106031119,0,0,0,0,0,134,32,0,0,164
106031120,0,0,0,0,0,103,27,0,0,131
106031121,27,5,0,0,27,519,176,4,4,705
106031122,13,0,0,0,16,234,84,4,0,328
106031123,4,0,0,0,4,108,39,0,0,153
106031124,5,0,0,0,5,103,40,0,3,141
106031125,8,3,0,0,7,278,62,3,0,346
106041126,11,4,0,0,13,138,73,9,0,221
106041127,0,0,0,0,0,86,29,0,0,116
106041128,9,0,0,0,8,117,73,0,5,188
106041129,7,0,0,4,19,228,93,0,10,330
107011131,9,0,0,0,11,349,110,0,0,466
107011132,10,0,0,0,10,129,22,0,0,147
107011133,4,0,0,0,3,21,6,0,0,34
107011134,15,5,0,0,20,328,87,3,0,426
107011545,5,0,0,0,8,158,24,4,0,190
107011546,6,0,0,0,9,179,61,5,0,244
107011547,0,0,0,0,0,53,14,0,0,63
107021135,0,0,0,0,0,0,0,0,0,0
107031136,18,0,0,0,14,293,56,0,0,347
107031137,3,4,0,0,7,135,34,3,0,169
107031138,12,0,0,0,12,290,114,0,0,409
107031139,0,0,0,0,0,103,23,0,0,129
107031140,10,5,0,0,10,270,91,5,0,364
107031141,8,4,0,0,14,302,57,0,0,356
107031142,14,3,0,0,21,231,84,8,0,317
107031143,9,0,0,0,10,237,89,4,3,331
107041144,7,0,0,0,12,409,99,4,5,511
107041145,7,4,0,0,16,313,84,0,0,400
107041146,14,0,0,0,13,336,62,3,0,398
107041147,0,0,0,0,3,211,45,0,0,257
107041148,7,0,0,0,11,344,78,9,5,434
107041150,19,4,0,0,18,427,92,3,0,527
107041548,22,9,0,0,25,590,230,22,0,848
107041549,15,0,0,0,17,300,73,4,0,377
108011151,6,0,0,0,6,164,47,0,0,214
108011152,13,7,0,0,17,319,149,10,8,482
108011153,11,0,0,0,14,208,65,0,0,270
108011154,12,0,0,0,11,119,62,5,0,183
108021155,10,5,0,0,10,292,122,6,4,415
108021156,16,0,0,0,20,303,72,0,4,384
108021157,10,0,0,0,10,147,51,4,0,203
108021158,8,5,0,0,14,156,60,0,6,223
108021159,14,0,0,0,14,277,71,0,11,358
108021160,0,0,0,0,0,152,64,0,3,220
108031161,0,0,0,0,0,23,10,0,0,32
108041162,13,3,0,0,14,407,121,0,9,536
108041164,23,6,0,0,27,587,231,7,4,830
108041165,12,0,0,0,7,214,51,0,3,267
108041166,19,9,0,0,26,319,105,3,0,427
108041619,9,0,0,0,15,384,141,16,3,547
108041620,14,0,0,0,16,366,65,4,0,438
108051167,11,0,0,0,7,213,47,0,7,273
108051168,12,0,0,0,16,266,76,3,5,348
108051169,21,3,0,0,28,422,201,0,11,631
108051170,6,0,0,0,9,369,84,0,4,461
108051171,4,0,0,0,4,106,35,0,0,139
109011172,10,7,0,0,21,274,93,3,0,372
109011173,6,4,0,0,8,141,45,0,0,189
109011174,21,4,0,0,29,430,193,16,0,640
109011175,6,0,0,0,9,402,157,4,5,562
109011176,11,0,0,0,19,234,103,0,5,344
109021177,3,4,0,0,8,86,48,0,0,137
109021178,6,0,0,0,3,122,54,4,4,182
109021179,3,3,0,0,8,103,83,4,3,191
109031180,0,0,0,0,3,103,53,5,0,153
109031181,7,0,0,0,7,178,65,0,3,243
109031182,8,0,0,0,8,123,82,6,0,215
109031183,12,0,0,0,11,288,145,0,12,449
109031184,4,0,0,0,3,115,55,5,0,183
109031185,10,0,0,0,7,246,106,0,7,360
110011186,21,6,0,0,21,555,169,19,0,745
110011187,3,6,0,0,7,186,109,0,0,300
110011188,0,7,0,0,6,173,73,0,0,256
110011189,5,4,0,0,10,182,93,0,9,289
110021190,12,4,0,0,9,303,135,3,8,442
110021191,18,6,3,0,25,274,132,3,6,419
110021192,10,0,0,0,10,170,72,0,7,249
110021193,10,3,0,0,7,232,88,0,9,332
110021194,6,0,0,0,10,209,95,0,3,308
110031195,4,0,0,0,8,161,80,3,4,246
110031196,9,0,0,0,9,144,136,0,0,285
110031197,8,3,0,0,9,100,79,0,5,189
110031198,0,0,0,0,9,124,75,5,0,207
110041199,6,0,0,0,7,180,79,3,0,261
110041200,8,0,0,0,8,178,58,0,0,234
110041201,10,0,0,0,13,246,76,0,5,331
110041202,4,4,0,0,8,307,86,3,4,391
110041203,16,5,0,0,26,366,216,11,4,591
110041204,12,5,0,0,19,122,98,0,0,224
110041205,21,3,0,0,25,533,196,0,16,748
111011206,13,3,0,0,16,317,124,3,5,450
111011207,6,0,0,0,6,85,20,0,0,105
111011208,24,4,0,0,23,543,154,8,5,714
111011209,18,0,0,0,23,473,125,9,0,612
111011210,0,0,0,0,0,101,14,0,0,117
111011211,0,0,0,0,0,75,25,0,0,97
111011212,6,0,0,0,6,220,64,4,0,287
111011213,7,0,0,0,7,196,35,0,0,231
111011214,7,4,0,0,10,388,133,10,0,523
111021215,3,0,0,0,3,135,26,0,0,164
111021216,9,0,0,0,9,158,35,0,0,194
111021217,4,3,0,0,6,200,43,4,0,247
111021218,24,0,0,0,26,418,127,3,0,545
111021219,11,0,0,0,11,248,78,3,0,331
111021220,9,0,0,0,8,156,42,0,0,195
111021221,5,0,0,0,7,133,27,0,0,164
111031222,15,0,0,0,15,362,87,3,0,451
111031223,6,3,3,0,12,145,48,7,0,201
111031224,15,8,3,0,24,470,144,25,0,637
111031225,10,3,0,0,13,400,115,3,0,518
111031226,4,0,0,0,4,163,32,0,0,195
111031227,8,3,0,0,14,398,76,7,0,479
111031228,5,0,0,0,5,294,91,0,0,387
111031229,20,7,0,0,31,536,198,40,3,773
111031230,0,0,0,0,4,15,8,0,0,26
111031231,12,0,0,0,14,167,32,0,0,199
111031232,3,0,0,0,3,102,35,0,0,130
111031233,15,0,0,0,17,319,45,8,0,368
111031234,13,0,0,0,14,211,49,3,0,257
111031235,14,3,0,0,20,303,71,6,0,384
112011236,27,7,0,0,35,566,221,0,7,793
112011237,18,4,0,0,23,666,200,5,12,886
112011238,25,0,0,0,28,500,110,3,0,612
112011239,22,5,0,0,27,477,92,0,3,568
112011240,55,7,0,0,62,907,213,10,0,1134
112011241,9,0,0,0,7,138,39,0,4,179
112011242,10,0,0,0,12,350,88,0,0,432
112011243,41,10,0,0,48,615,132,0,6,751
112021244,10,4,0,0,10,207,102,3,4,314
112021245,4,0,0,0,11,280,75,0,4,357
112021246,13,0,0,0,13,244,50,0,0,298
112021247,15,3,0,0,16,254,73,0,0,331
112021248,21,0,0,0,29,683,267,23,3,972
112021249,31,4,0,0,33,678,155,0,17,846
112031250,20,4,0,0,30,504,115,0,3,617
112031251,18,7,0,0,16,354,127,0,3,487
112031252,24,0,0,0,30,413,81,0,5,506
112031253,20,9,0,0,25,435,112,6,3,552
112031254,28,5,0,0,34,572,138,0,3,721
112031550,17,0,0,0,17,277,42,0,0,319
112031551,0,0,0,0,3,103,20,0,0,119
112031552,19,6,0,0,24,290,107,3,0,401
113011256,17,3,0,0,22,328,174,9,0,515
113011257,9,4,0,0,10,377,214,0,8,600
113011258,3,0,0,0,7,231,99,0,5,337
113011259,0,0,0,0,0,156,107,0,5,276
113021260,7,0,0,0,7,146,76,0,0,230
113021261,11,0,0,0,16,123,77,0,8,210
113021262,3,0,0,0,4,144,48,0,4,199
113031263,3,0,0,0,3,155,111,0,4,267
113031264,6,0,0,0,6,108,60,0,0,175
113031265,3,0,0,0,4,139,73,0,5,225
113031266,9,0,0,0,10,234,138,0,9,386
113031267,13,11,4,0,27,313,163,15,5,489
113031268,5,3,0,0,8,85,26,0,0,107
113031269,13,0,0,0,17,245,81,7,4,332
113031270,25,7,0,0,33,486,247,12,0,754
113031271,13,4,0,0,20,596,248,0,10,855
114011272,16,5,0,0,20,378,141,4,7,527
114011273,0,0,0,0,0,71,29,0,0,91
114011274,8,0,0,0,5,116,46,0,0,163
114011275,0,0,0,0,0,3,0,0,0,3
114011276,4,4,0,0,10,198,78,0,0,277
114011277,19,5,0,0,23,323,83,4,3,409
114011278,29,8,0,0,32,481,261,10,10,756
114011279,11,3,0,0,13,259,67,0,6,333
114011280,5,0,0,0,5,81,37,0,0,120
114011281,7,3,0,0,9,100,27,0,0,129
114011282,19,6,0,5,21,501,167,7,12,684
114011283,10,0,0,0,10,195,52,0,3,253
114021284,21,5,0,0,21,509,130,5,6,649
114021285,3,0,0,0,3,126,24,0,0,149
114021286,18,4,0,0,20,361,81,3,3,449
114021287,18,8,0,0,20,318,106,0,3,426
114021288,6,0,0,0,7,222,39,0,4,264
114021289,18,0,0,0,20,283,55,0,5,345
115011290,10,0,0,0,12,321,58,0,0,379
115011291,36,5,0,0,43,531,191,14,0,733
115011294,6,0,0,0,6,115,12,0,0,132
115011296,10,0,0,0,14,207,27,0,0,238
115011553,15,0,0,0,20,249,82,0,0,327
115011554,0,0,0,0,0,73,7,0,0,77
115011555,8,0,0,0,8,212,33,0,0,247
115011556,5,0,0,0,5,203,52,0,0,257
115011557,4,0,0,0,3,80,13,0,0,95
115011558,9,0,0,0,9,290,24,0,0,317
115011621,13,3,0,0,15,311,53,0,0,362
115011622,5,0,0,0,5,118,8,0,0,131
115021297,28,3,0,0,30,632,157,4,3,800
115021298,11,0,0,0,11,174,36,3,0,210
115031299,6,0,0,0,6,123,23,0,0,139
115031300,20,0,0,0,19,613,135,0,3,750
115041301,13,5,0,0,22,320,96,0,0,419
115041623,7,0,0,0,7,135,27,0,0,168
115041624,11,0,0,0,11,207,21,0,0,228
115041625,3,0,0,0,3,306,48,3,0,352
116011303,23,4,0,0,30,431,146,20,4,600
116011304,6,0,0,0,6,189,23,0,0,211
116011306,3,0,0,0,3,148,35,0,0,188
116011307,24,3,0,0,28,505,95,3,6,609
116011560,5,0,0,0,5,124,11,0,0,135
116011561,9,0,0,0,9,137,24,0,0,169
116011626,14,4,0,0,14,188,40,3,0,225
116011627,0,0,0,0,0,106,13,0,0,123
116021309,7,0,0,0,7,218,21,0,0,238
116021562,0,0,0,0,0,36,13,0,0,43
116021563,8,0,0,0,12,256,23,0,0,277
116021628,5,0,0,0,5,234,26,0,0,259
116021629,3,0,0,0,0,168,21,0,0,188
116021630,15,9,0,0,18,240,53,3,0,295
116021631,7,0,0,0,7,115,14,0,0,129
116021632,10,0,0,0,10,224,18,0,0,242
116021633,7,0,0,0,4,147,25,0,0,172
116031313,3,0,0,0,0,108,20,0,0,131
116031314,6,0,0,0,4,121,22,0,0,143
116031315,0,0,0,0,4,166,25,0,0,188
116031316,10,0,0,0,6,112,20,0,0,136
116031317,10,0,0,0,14,216,44,0,0,266
116031318,16,0,0,0,21,143,34,0,0,180
116031319,22,3,0,0,24,280,65,6,0,342
117011320,13,7,0,0,20,140,33,0,0,177
117011321,16,5,0,0,20,322,58,0,0,387
117011323,7,0,0,0,7,219,33,4,0,252
117011324,3,0,0,0,3,42,0,0,0,46
117011325,6,0,0,0,9,29,6,0,0,38
117011634,7,0,0,0,7,131,22,3,0,154
117011635,24,4,0,4,35,392,67,8,4,469
117021327,30,0,0,0,25,597,70,3,0,666
117021328,20,0,0,0,18,282,44,8,0,330
117021636,18,9,0,0,31,499,98,4,0,606
117021637,20,3,0,0,24,389,68,0,0,458
117031329,23,0,0,0,30,512,122,10,0,639
117031330,47,3,0,0,56,900,88,3,3,996
117031331,15,7,0,0,20,593,80,4,0,675
117031333,23,6,0,0,33,611,81,5,0,695
117031336,31,4,0,0,39,728,137,14,4,881
117031638,21,5,0,0,24,284,44,0,0,329
117031639,15,3,0,0,11,195,25,0,0,218
117031640,18,0,0,0,18,506,123,8,0,632
117031641,34,0,0,0,31,338,59,8,0,405
117031642,32,3,0,0,37,429,51,5,0,487
117031643,22,0,0,0,18,328,41,6,0,369
117031644,221,23,4,5,257,3358,1063,1498,10,5931
117031645,56,9,0,0,72,831,227,52,0,1109
117031646,19,0,0,0,15,247,40,3,5,290
117031647,20,0,0,0,23,286,46,0,0,333
117031648,9,0,0,0,14,189,24,0,0,217
118011339,17,0,0,0,17,557,66,0,0,628
118011340,25,0,0,0,27,641,74,0,0,714
118011341,34,4,0,0,37,784,185,11,0,983
118011342,0,0,0,0,0,0,0,0,0,0
118011344,8,0,0,0,3,287,32,0,0,323
118011345,35,6,0,0,40,595,77,0,0,680
118011346,11,3,0,0,18,335,47,5,0,392
118011347,15,0,0,0,17,282,46,0,5,335
118011649,27,0,0,0,26,417,39,0,0,457
118011650,17,0,0,0,20,423,99,3,0,528
118021564,16,0,0,0,16,207,39,0,0,248
118021565,12,0,0,0,11,236,43,0,0,280
118021566,11,0,0,0,8,210,52,0,0,262
118021567,10,0,0,0,10,212,26,6,0,242
118021568,11,0,0,0,8,191,46,0,0,232
118021569,20,4,0,0,23,400,39,5,0,443
118021570,20,3,0,0,20,403,128,5,0,537
118021651,21,0,0,0,23,514,73,0,0,594
118021652,10,0,0,0,10,188,19,4,0,209
118021653,0,0,0,0,0,203,44,0,0,248
118021654,9,0,0,0,9,87,15,0,0,99
119011354,10,6,0,0,14,204,50,0,0,257
119011355,13,0,0,0,16,226,28,3,0,263
119011356,23,8,0,0,34,286,89,7,0,387
119011358,11,0,0,0,11,287,66,0,0,351
119011360,8,0,0,0,9,209,47,0,0,254
119011361,11,0,0,0,6,217,40,0,0,266
119011571,14,0,0,0,12,240,62,0,0,302
119011572,27,0,0,0,30,302,125,9,0,431
119011655,8,0,0,0,9,205,31,0,0,242
119011656,9,0,0,0,9,143,22,0,0,166
119011657,3,0,0,0,3,138,25,0,0,164
119011658,8,0,0,0,8,181,58,0,0,242
119021362,4,3,0,0,12,266,54,3,0,329
119021366,17,3,0,0,18,250,61,0,0,310
119021367,10,6,0,0,16,160,30,0,0,196
119021573,10,0,0,0,10,252,34,0,0,286
119021574,3,0,0,0,3,134,6,0,0,139
119021659,6,0,0,0,9,157,32,0,0,194
119021660,9,4,0,0,7,136,49,0,0,182
119021661,9,0,0,0,9,167,26,3,0,199
119021662,7,5,0,0,8,309,57,0,0,369
119021663,14,0,0,0,19,129,26,0,0,162
119031370,5,3,0,0,8,164,31,0,0,193
119031371,0,0,0,0,3,162,56,0,0,220
119031372,11,8,0,0,14,330,95,0,0,428
119031373,3,0,0,0,8,129,39,0,0,169
119031374,11,0,0,0,11,322,45,0,0,373
119031664,9,0,0,0,11,216,105,0,0,322
119031665,5,0,0,0,10,167,23,0,0,195
119031666,14,0,0,0,14,226,71,0,0,300
119031667,4,0,0,0,4,117,28,4,0,150
119041377,3,3,0,0,8,191,57,3,0,246
119041378,11,8,0,0,17,289,149,0,0,436
119041379,8,0,0,0,7,211,44,0,0,256
119041380,16,0,0,0,12,180,37,0,0,221
119041381,18,4,0,0,20,332,74,3,0,416
119041382,9,0,0,0,8,244,62,5,3,315
119041668,15,0,0,0,14,235,40,0,0,271
119041669,6,0,0,0,6,152,29,0,0,178
119041670,5,0,0,0,5,203,25,0,0,233
119041671,5,0,0,0,4,108,12,0,0,120
120011383,12,4,0,0,18,444,62,0,0,504
120011385,11,0,0,0,12,401,75,4,0,473
120011386,15,3,0,0,17,454,78,6,0,544
120011672,16,0,0,0,16,276,51,0,0,330
120011673,13,4,0,0,19,214,35,0,0,245
120021387,19,0,0,0,20,524,59,10,0,581
120021389,19,4,0,0,19,487,66,0,0,555
120021674,15,0,0,0,10,308,45,0,0,351
120021675,20,8,0,0,25,608,108,3,0,729
120031392,9,0,0,0,9,228,37,0,0,265
120031393,9,3,0,0,13,247,53,0,0,301
120031394,13,0,0,0,14,411,51,3,0,463
120031395,10,0,0,0,10,362,52,0,0,412
120031396,18,7,0,0,18,332,79,0,0,423
120031576,7,4,0,0,6,126,25,0,0,149
120031676,7,0,0,0,7,175,21,0,0,194
120031677,4,0,0,0,4,230,56,0,0,282
120031678,14,5,0,0,16,378,117,3,0,503
120031679,9,0,0,0,11,202,26,4,0,225
120031680,5,4,0,0,7,243,60,3,0,306
120031681,11,0,0,0,8,137,17,3,0,157
121011399,14,5,0,0,17,344,20,0,0,369
121011401,37,4,0,0,38,574,132,4,5,719
121011682,0,0,0,0,0,143,20,0,0,159
121011683,10,3,0,0,18,329,48,4,0,379
121011684,32,5,0,0,40,651,212,18,0,885
121011685,9,4,0,0,13,293,58,3,0,355
121011686,17,0,0,0,18,410,71,3,0,484
121011687,8,0,0,0,10,302,41,0,0,350
121021403,17,0,0,0,18,451,69,0,0,526
121021404,5,0,0,0,9,280,45,4,0,328
121021406,20,0,0,0,20,399,66,0,0,464
121021577,10,0,0,0,13,317,105,3,3,429
121021578,10,0,0,0,10,206,29,0,0,241
121021579,10,0,0,0,10,158,29,0,0,182
121031407,18,0,0,0,13,437,80,0,0,517
121031408,18,0,0,0,18,518,70,5,0,594
121031409,19,0,0,0,20,404,55,9,0,474
121031410,10,0,0,0,14,404,66,3,0,480
121031411,17,0,0,0,18,441,75,3,3,526
121031412,11,0,0,0,13,360,90,3,0,454
121041413,19,0,0,0,21,442,56,0,0,498
121041414,31,0,0,0,32,513,116,3,0,625
121041416,21,4,0,0,28,516,77,4,0,594
121041417,53,4,0,0,59,583,144,26,0,752
121041688,17,0,0,0,17,364,51,3,0,422
121041689,17,0,0,0,17,416,60,0,0,484
122011418,26,0,0,0,29,583,72,6,0,662
122011419,29,4,0,0,33,674,109,3,0,790
122021420,28,0,0,0,24,558,81,0,0,648
122021421,20,0,0,0,20,328,53,0,0,381
122021422,23,0,0,0,20,482,60,7,0,541
122021690,30,4,0,0,36,594,124,14,0,725
122021691,14,0,0,0,14,303,53,0,0,368
122031424,10,0,0,0,10,295,34,0,0,334
122031425,7,6,0,0,8,211,36,3,0,254
122031427,5,0,0,0,6,296,56,0,0,356
122031429,31,7,0,0,38,898,194,5,0,1101
122031430,22,3,0,0,25,446,51,4,0,498
122031432,5,0,0,0,5,153,23,0,0,180
122031692,11,0,0,0,10,214,41,0,0,258
122031693,17,0,0,0,20,331,58,0,0,399
122031694,6,0,0,0,6,217,25,4,0,245
122031695,22,0,0,0,25,426,90,7,0,514
122031696,23,3,0,0,31,486,92,7,0,592
122031697,15,0,0,0,15,278,48,0,0,324
123011433,8,0,0,0,5,273,76,0,0,353
123011698,7,0,0,0,7,167,51,4,0,220
123011699,14,0,0,0,15,285,65,0,0,352
123011700,3,0,0,0,3,161,30,0,0,193
123011701,13,0,0,0,12,233,42,4,0,274
123011702,8,0,0,0,8,90,12,0,0,101
123021436,0,0,0,0,0,152,24,0,0,178
123021437,27,6,0,0,33,419,174,9,3,601
123021438,6,0,0,0,12,199,24,0,0,230
123021439,0,0,0,0,0,0,0,0,0,0
123021441,3,0,0,0,8,168,29,3,0,204
123021443,19,0,0,0,16,278,65,5,0,355
123021444,7,0,0,0,7,184,36,0,0,217
123021703,8,0,0,0,8,120,12,0,0,138
123021704,4,0,0,0,6,85,10,0,0,96
123021705,18,8,0,0,26,254,77,10,0,344
123021706,14,0,0,0,14,121,13,0,0,133
123031445,6,0,0,0,6,111,36,0,0,152
123031446,10,0,0,0,10,199,39,0,0,240
123031447,13,3,0,0,20,346,117,4,0,466
123031448,8,0,0,0,8,166,47,0,0,216
124011449,6,0,0,0,5,248,51,0,0,305
124011450,12,0,0,0,17,415,89,4,0,507
124011451,0,0,0,0,0,0,0,0,0,0
124011452,16,0,0,0,27,635,141,0,3,781
124011453,9,0,0,0,9,340,70,0,0,404
124011454,5,0,4,0,8,459,111,3,0,576
124011455,11,0,0,0,4,177,42,0,0,223
124021456,0,0,0,0,0,4,0,0,0,4
124031457,13,0,0,0,11,145,24,0,0,173
124031459,9,0,0,0,9,210,61,3,0,275
124031460,13,0,0,0,13,214,36,0,0,249
124031461,12,4,0,0,18,229,77,5,0,313
124031462,14,0,0,0,14,264,69,4,0,335
124031463,6,0,0,0,6,226,71,0,0,293
124031464,24,0,0,0,24,433,170,8,0,618
124031465,3,0,0,0,5,89,38,0,0,127
124031707,11,0,0,0,16,231,32,0,0,267
124031708,6,0,0,0,6,166,29,0,0,194
124041466,9,3,0,0,16,323,128,3,0,449
124041467,17,6,0,0,19,331,104,4,0,430
124041468,3,0,0,0,8,168,45,0,0,213
124051469,3,0,0,0,3,131,25,0,0,160
124051470,9,0,0,0,9,185,37,0,0,219
124051580,0,0,0,0,0,95,16,0,0,110
124051581,10,3,0,0,18,276,103,3,0,386
125011475,0,0,0,0,0,4,0,0,0,8
125011582,17,0,0,0,14,204,63,4,3,269
125011583,13,0,0,0,10,134,19,5,0,156
125011584,10,5,0,0,10,108,18,3,0,118
125011585,0,0,0,0,0,70,19,0,0,93
125011586,29,0,0,0,32,361,90,0,0,453
125011587,9,0,0,0,9,83,17,0,0,107
125011709,14,9,0,0,22,257,61,5,0,323
125011710,29,5,0,0,27,337,31,0,0,372
125021477,23,0,0,0,26,420,85,7,0,505
125021478,8,0,0,0,8,256,35,0,0,291
125021711,8,0,0,0,8,183,52,0,0,236
125021712,8,0,0,0,11,269,35,0,0,302
125031479,15,5,0,0,17,229,52,0,0,286
125031480,16,3,0,0,19,156,53,0,0,208
125031481,18,3,0,0,20,273,60,4,0,335
125031483,15,0,0,0,10,200,56,5,0,265
125031484,10,0,0,0,10,191,34,3,0,224
125031486,13,0,0,0,19,112,48,0,0,156
125031487,3,0,0,4,10,55,18,0,4,72
125031713,6,4,0,0,9,173,28,0,0,197
125031714,12,0,0,0,8,209,53,0,0,264
125031715,7,0,0,0,7,140,25,0,0,167
125031716,3,0,0,0,5,56,9,0,0,66
125041489,11,0,0,0,13,322,67,11,0,398
125041490,5,0,0,0,5,162,34,0,0,190
125041491,15,0,0,0,17,321,87,4,0,414
125041493,9,0,0,0,9,227,44,0,0,274
125041494,8,0,0,0,3,156,24,0,0,182
125041588,8,4,0,0,15,164,31,0,0,190
125041589,3,0,0,0,3,217,40,3,0,255
125041717,33,0,0,0,39,405,157,32,0,594
125041718,4,0,0,0,4,88,14,0,0,104
125041719,6,0,0,0,6,167,42,6,0,213
126011496,16,0,0,0,19,411,79,0,0,493
126011720,7,0,0,0,9,238,31,0,0,263
126011721,13,0,0,0,15,309,52,3,0,366
126021498,10,0,0,0,7,354,67,0,0,418
126021499,12,0,0,0,12,177,26,0,0,208
126021500,59,0,0,0,59,525,53,6,0,584
126021501,20,0,0,0,22,349,48,0,0,399
126021503,17,0,0,0,16,374,62,0,0,437
126021590,0,0,0,0,0,80,13,0,0,97
126021722,8,0,0,0,8,100,18,0,0,119
126021723,3,4,0,0,10,355,119,0,0,477
126021724,15,0,0,0,21,330,50,0,0,382
126021725,10,0,0,0,10,196,14,0,0,213
127011504,0,0,0,0,5,81,23,0,0,105
127011505,14,0,0,0,14,277,70,0,0,347
127011592,0,0,0,0,0,3,0,0,0,3
127011593,4,0,0,0,4,60,5,0,0,67
127011594,0,0,0,0,0,91,27,0,0,113
127011595,4,0,0,0,4,113,6,0,0,123
127011596,8,0,0,0,8,125,21,0,0,148
127011597,8,0,0,0,7,156,23,0,0,178
127011726,9,0,0,0,9,93,21,0,0,115
127011727,9,0,0,0,8,169,26,0,0,199
127011728,8,3,0,0,11,197,51,0,0,249
127011729,10,0,0,0,9,194,29,4,0,224
127021509,11,0,0,0,7,137,32,0,0,174
127021510,6,0,0,0,6,148,24,0,0,173
127021511,12,9,0,0,19,265,167,0,0,436
127021512,10,0,0,0,9,154,33,0,0,185
127021513,4,0,0,0,3,147,53,0,0,198
127021514,3,0,0,0,3,79,15,0,0,99
127021515,5,5,0,0,13,189,119,0,0,313
127021516,11,0,0,0,11,150,24,0,0,175
127021517,4,3,0,0,5,97,28,0,0,125
127021518,10,0,0,0,9,170,43,3,0,216
127021519,10,0,0,0,11,173,61,0,0,235
127021520,4,0,0,0,6,89,15,0,0,104
127021521,30,8,0,0,34,244,105,15,0,358
127031522,9,0,0,0,9,155,34,3,0,192
127031523,21,5,0,0,22,358,88,0,0,456
127031524,13,0,0,0,13,247,38,0,0,288
127031599,0,0,0,0,0,58,19,0,0,73
127031601,9,0,0,0,9,86,29,0,0,108
127031730,0,0,0,0,0,92,10,0,0,100
127031731,16,6,0,0,19,287,132,4,0,421
127031732,3,0,0,0,3,106,18,0,0,123
127031733,13,0,0,0,13,254,67,7,0,330
128011529,10,0,0,0,10,323,72,3,0,397
128011530,14,5,0,0,23,476,132,14,6,625
128011531,12,3,0,0,14,306,70,5,0,383
128011602,15,3,0,0,22,398,162,4,0,565
128011603,9,0,0,0,9,210,32,0,0,244
128011604,21,3,0,0,23,620,109,7,0,742
128011605,0,4,0,0,5,64,13,0,0,77
128011606,6,0,0,0,6,167,33,0,0,194
128021533,0,0,0,0,0,109,24,0,0,135
128021534,5,0,0,0,5,176,16,0,0,197
128021535,11,0,0,0,14,356,72,0,0,432
128021536,17,9,0,0,19,364,74,0,0,439
128021537,0,0,0,0,0,0,0,0,0,0
128021538,20,4,0,0,24,485,136,4,5,629
128021607,3,0,0,0,3,323,85,0,0,408
128021608,0,0,0,0,3,120,17,0,0,134
128021609,0,0,0,0,0,37,10,0,0,45
197979799,0,0,0,0,0,8,0,0,0,10
199999499,1061,96,3,25,1186,35885,4198,38,266,40388
201011001,5,4,0,0,8,252,39,4,0,287
201011002,17,5,0,0,19,507,206,24,9,741
201011005,8,0,0,0,8,128,28,0,0,161
201011006,11,4,0,0,13,222,70,9,0,297
201011007,0,0,0,0,0,97,12,0,0,107
201011008,11,5,0,0,14,293,82,11,0,386
201011481,4,0,0,0,4,197,31,0,0,231
201011482,9,0,0,0,9,232,53,0,0,288
201011483,4,3,0,0,9,190,43,3,0,234
201011484,0,0,0,0,10,136,33,0,0,179
201021009,15,0,0,0,15,158,28,0,4,190
201021010,7,0,0,0,12,217,64,5,4,293
201021011,14,0,0,0,17,559,117,4,9,690
201021012,0,0,0,0,0,152,27,0,0,182
201031013,0,0,0,0,0,105,43,0,3,148
201031014,8,6,0,0,7,91,48,0,0,144
201031015,4,0,0,0,4,83,29,0,10,124
201031016,6,0,0,0,9,135,65,0,3,204
201031017,3,0,0,0,8,106,48,0,6,159
202011018,21,8,0,0,24,465,199,18,0,677
202011019,0,0,0,0,6,162,69,3,0,231
202011020,11,3,0,0,11,275,64,0,6,342
202011021,9,0,0,0,9,153,22,4,0,176
202011022,20,3,0,0,22,325,115,3,0,439
202011023,8,0,0,0,8,85,21,0,0,107
202011024,3,0,0,0,0,160,28,0,0,194
202011025,5,0,0,0,9,173,74,0,0,246
202021026,6,0,0,0,9,155,47,0,0,213
202021027,12,0,0,0,12,518,108,4,5,635
202021028,11,0,0,0,9,370,78,0,0,451
202021029,4,0,0,0,8,115,29,0,5,152
202021030,9,6,0,0,16,395,100,3,7,500
202021031,16,0,0,0,16,245,42,0,0,288
202031032,0,0,0,0,0,133,39,0,0,171
202031033,11,0,0,0,11,309,122,0,3,437
203011034,7,0,0,0,7,133,28,0,0,167
203011035,6,5,0,0,14,202,41,0,5,246
203011036,3,0,0,0,10,245,61,0,0,306
203021037,13,0,0,0,17,361,88,0,0,450
203021039,42,3,0,0,44,766,321,28,8,1125
203021040,11,3,0,0,12,475,89,0,0,572
203021042,17,0,0,0,20,417,68,0,0,484
203021043,20,0,0,0,20,368,73,0,0,444
203021044,0,0,0,0,0,200,37,4,0,238
203021045,12,3,0,0,14,297,80,6,5,378
203021046,13,0,0,0,13,346,78,0,3,421
203021047,19,3,0,0,19,361,102,3,0,466
203021485,3,0,0,0,4,126,20,0,0,145
203021486,3,0,0,0,3,188,44,3,0,235
203021487,22,0,0,0,18,418,81,0,0,504
203021488,4,0,0,0,4,115,34,0,0,146
203031048,9,5,0,0,10,314,61,3,0,379
203031049,15,0,0,0,18,252,58,3,7,317
203031051,9,0,0,0,9,206,38,0,0,248
203031052,6,0,0,0,6,181,44,0,4,231
203031053,24,6,0,0,27,773,134,0,0,905
203031489,13,0,0,0,13,250,46,0,4,302
203031490,22,0,0,0,24,475,93,9,5,577
204011054,5,0,0,0,16,250,68,0,6,325
204011055,8,0,0,0,10,240,101,3,10,352
204011056,15,0,0,0,19,292,63,0,0,356
204011057,16,0,0,0,24,354,130,9,4,499
204011058,7,0,0,0,7,125,41,0,4,170
204011059,0,0,0,0,0,122,47,3,0,176
204011060,4,0,0,0,6,116,24,0,0,139
204011061,0,0,0,0,0,11,5,0,0,10
204011062,15,4,0,0,15,163,40,0,5,207
204021063,14,3,0,0,18,236,105,3,0,352
204021064,5,0,0,0,5,187,38,0,5,231
204021065,0,3,0,0,8,104,32,0,0,139
204021066,17,4,0,0,18,371,183,15,6,574
204021067,15,3,0,0,17,402,111,0,3,518
204031068,6,0,0,0,6,170,50,6,0,224
204031069,17,4,0,0,19,328,137,0,7,474
204031070,0,0,0,3,3,86,32,0,3,118
204031071,3,0,0,0,3,131,49,0,0,183
204031072,16,0,0,0,13,300,91,0,11,403
204031073,9,0,0,0,11,217,47,0,0,269
204031075,0,0,0,0,0,190,27,0,0,214
204031491,7,0,0,0,13,190,38,0,0,232
204031492,26,5,0,4,30,371,171,7,4,554
205011076,22,6,0,3,30,392,140,0,12,543
205011077,7,6,0,0,9,240,71,0,3,313
205011078,4,0,0,0,6,223,80,6,7,319
205011079,16,0,0,0,20,578,197,10,10,793
205021080,0,0,0,0,0,0,0,0,0,0
205021081,19,4,0,0,28,371,176,9,3,557
205021082,10,9,0,3,18,284,98,0,14,395
205021083,0,0,0,0,0,0,0,0,0,0
205021084,4,0,0,0,4,215,69,0,0,288
205021085,9,0,0,0,11,233,61,0,9,299
205021086,6,0,0,0,6,130,31,0,0,166
205031087,17,0,0,0,13,444,182,3,10,646
205031088,0,0,0,0,0,15,0,0,0,9
205031089,14,0,0,0,16,374,89,0,8,469
205031090,23,6,0,0,25,443,196,8,3,648
205031091,9,4,0,0,12,389,110,0,3,507
205031092,0,0,0,0,0,0,0,0,0,0
205031093,29,4,0,0,36,808,217,7,15,1046
205041094,19,5,0,0,18,203,41,0,0,250
205041095,8,4,0,0,11,223,98,0,4,331
205041096,11,4,0,0,15,207,96,3,3,314
205041098,3,0,0,0,3,66,27,0,3,94
205041493,10,3,0,0,13,221,113,5,4,339
205041494,6,0,0,0,9,215,45,5,0,258
205051099,0,0,0,0,0,4,0,0,0,4
205051100,7,0,0,0,7,141,46,0,0,188
205051101,15,3,0,0,18,359,178,4,4,551
205051102,0,0,0,0,0,134,92,6,3,230
205051103,16,0,0,0,16,336,144,7,0,488
205051104,3,5,0,0,7,204,99,0,8,305
206011106,24,0,0,0,25,408,56,0,0,458
206011107,10,0,0,0,10,337,37,0,0,380
206011109,6,7,0,0,11,178,30,0,0,210
206011495,14,4,0,0,18,465,72,0,0,533
206011496,23,3,0,0,32,596,86,3,0,687
206011497,18,4,0,3,20,421,89,0,0,513
206011498,13,0,0,0,13,292,42,0,0,332
206021110,15,8,0,0,18,311,72,6,0,394
206021112,13,0,0,0,14,537,101,0,3,644
206021499,23,0,0,0,21,492,46,0,0,547
206021500,10,0,0,0,10,443,60,3,0,507
206031113,11,0,0,0,14,285,59,9,0,350
206031115,9,0,0,0,6,177,30,0,0,214
206031116,21,0,0,0,20,418,104,6,4,538
206031501,14,0,0,0,12,297,55,3,0,357
206031502,6,0,0,0,4,293,92,4,0,388
206041117,22,0,0,0,26,486,92,12,4,595
206041118,53,3,0,0,59,502,71,128,0,707
206041119,22,3,0,0,24,307,171,8,0,494
206041120,0,0,0,0,0,19,12,0,0,33
206041121,13,3,0,0,15,231,33,3,0,264
206041124,21,3,0,3,24,216,53,6,0,281
206041125,22,0,0,0,25,260,63,11,0,331
206041127,3,0,0,0,3,57,4,0,0,61
206041503,91,7,0,0,101,977,205,251,0,1430
206041504,37,4,0,0,45,430,99,6,0,530
206041505,90,6,0,0,107,2280,541,596,3,3424
206041506,27,0,0,0,28,484,98,8,5,586
206041507,0,0,0,0,0,0,0,0,0,0
206041508,29,5,0,5,37,203,47,118,5,369
206041509,16,0,0,0,23,315,19,4,0,336
206041510,15,0,0,0,15,200,38,4,0,239
206051128,25,3,0,0,33,583,107,9,0,695
206051129,15,0,0,0,19,435,53,3,0,492
206051130,14,0,0,0,14,336,62,3,0,404
206051134,4,0,0,0,4,409,59,3,0,473
206051511,39,6,6,0,45,699,95,39,0,832
206051512,37,3,0,0,40,597,142,18,0,760
206051513,12,3,0,0,21,398,42,4,0,449
206051514,16,8,0,0,19,463,54,0,0,526
206061135,12,0,0,0,16,400,64,15,0,475
206061136,25,9,0,3,31,670,136,10,3,814
206061138,12,0,0,0,10,388,79,3,0,470
206061515,18,0,0,0,19,312,70,11,0,392
206061516,16,4,0,0,22,340,85,10,0,436
206071139,15,8,0,0,28,360,62,4,0,421
206071140,5,0,0,0,8,343,35,0,0,376
206071141,25,3,0,0,29,536,87,9,0,633
206071142,22,3,0,0,28,574,146,8,0,731
206071143,8,5,0,0,13,493,72,5,3,576
206071145,7,0,0,0,8,343,26,0,0,372
206071517,34,6,0,0,48,699,146,17,3,872
206071518,20,3,0,0,24,464,172,10,0,639
207011146,8,0,0,0,8,196,33,3,0,235
207011147,17,0,0,0,20,364,70,5,0,446
207011148,18,0,0,0,18,359,72,9,0,441
207011149,19,0,0,0,26,548,96,10,0,655
207011150,16,0,0,0,20,415,65,3,0,489
207011152,21,0,0,0,19,435,100,13,0,549
207011154,6,0,0,0,9,186,30,4,0,222
207011155,19,0,0,0,21,392,78,3,0,473
207011519,12,0,3,0,15,259,51,10,0,316
207011520,15,0,0,0,15,357,61,4,6,427
207011521,22,0,0,0,22,305,75,6,0,389
207011522,21,3,0,0,27,348,65,4,0,415
207021156,8,0,0,0,12,206,49,3,0,256
207021157,22,0,0,0,26,492,52,12,0,550
207021159,12,6,0,0,16,269,59,6,0,328
207021160,13,0,0,0,13,242,49,7,0,298
207021424,8,3,0,0,14,255,38,0,0,288
207021425,17,0,0,0,21,313,53,5,0,374
207031161,22,0,0,0,32,550,63,11,0,628
207031162,7,0,0,0,10,190,39,0,0,234
207031163,36,3,0,0,36,565,123,6,0,694
207031164,20,0,0,0,20,333,58,0,0,391
207031165,13,0,0,0,12,261,39,3,0,301
207031166,8,0,0,0,8,187,37,3,0,229
207031167,10,0,0,0,10,205,33,0,0,240
208011168,15,0,0,0,15,343,50,0,4,397
208011169,35,8,0,0,39,715,161,10,3,890
208011170,10,0,0,0,10,393,47,4,0,440
208011171,15,0,0,0,17,377,54,0,3,433
208011172,19,0,0,0,24,461,87,3,0,548
208011173,15,4,0,0,20,437,85,4,0,528
208021174,17,0,0,0,20,573,104,9,0,683
208021176,18,0,0,0,20,375,44,3,0,422
208021177,29,3,0,0,34,665,92,0,0,765
208021178,20,0,0,0,25,546,60,4,4,616
208021179,21,6,0,0,25,439,78,0,4,519
208021180,7,0,0,0,7,148,14,0,0,164
208021181,7,0,0,0,7,193,33,0,0,225
208021182,12,0,0,0,11,268,50,0,0,312
208021426,16,0,0,0,12,360,67,10,0,436
208021427,8,0,0,0,8,268,27,0,0,300
208031183,10,0,0,0,10,131,28,0,0,158
208031184,14,4,0,0,14,201,67,12,0,277
208031185,11,0,0,0,11,189,39,0,0,231
208031186,7,0,0,0,5,251,51,3,0,300
208031187,7,0,0,0,7,119,31,0,0,140
208031188,23,5,0,0,33,641,147,10,0,797
208031189,7,3,0,0,7,270,46,0,0,313
208031190,12,3,0,0,15,334,54,0,4,389
208031191,29,5,0,4,38,510,150,9,4,665
208031192,0,4,0,0,8,36,14,0,0,44
208031193,18,0,0,0,17,540,95,7,0,643
208041194,20,4,0,0,24,643,194,6,0,847
208041195,21,0,0,0,21,507,82,0,0,592
209011196,5,0,0,0,9,186,37,4,0,228
209011197,15,5,0,0,22,414,96,9,4,519
209011198,17,0,0,0,21,408,98,0,0,513
209011199,22,0,0,0,29,426,81,0,4,512
209011200,14,3,0,0,15,330,69,3,0,408
209011201,3,0,0,0,3,169,40,0,0,211
209011202,16,0,0,0,16,382,50,3,0,436
209011203,10,0,0,0,9,268,26,0,0,296
209011204,6,0,0,0,7,151,28,0,0,176
209021205,11,0,0,0,9,160,14,0,0,180
209021428,28,6,0,0,40,694,172,15,0,880
209021429,8,0,0,0,11,293,21,0,0,312
209021523,8,0,0,0,8,232,32,0,0,262
209021524,11,0,0,0,11,115,10,3,3,127
209021525,6,0,0,0,6,205,32,0,0,234
209021526,13,4,0,0,19,329,49,0,0,374
209031209,28,0,0,0,24,666,132,9,0,805
209031210,3,0,0,0,4,102,25,0,0,125
209031211,7,0,0,0,7,96,20,0,0,116
209031212,7,0,0,0,9,144,24,0,0,167
209031213,8,0,0,0,8,168,27,0,0,195
209031214,5,0,0,0,5,189,24,0,0,212
209031215,5,0,0,0,5,286,47,0,0,333
209041216,8,0,0,0,8,157,20,0,0,176
209041217,3,0,0,0,3,112,29,4,0,140
209041220,13,0,0,0,19,294,39,4,0,338
209041221,0,0,0,0,0,121,11,0,0,130
209041223,30,8,0,0,39,556,153,14,3,724
209041224,14,0,0,0,14,338,60,0,4,408
209041225,9,0,0,3,11,203,39,0,3,246
209041431,6,0,0,0,6,140,21,0,0,164
209041432,24,5,0,0,28,242,51,0,0,292
209041433,6,0,0,0,6,188,28,0,0,218
209041435,9,0,0,0,9,132,15,0,0,148
209041436,7,0,0,0,10,185,36,0,0,219
209041437,15,0,0,0,15,323,21,0,0,343
209041527,7,0,0,0,7,243,27,0,3,276
209041528,0,0,0,0,5,166,16,0,0,178
209041529,11,0,0,0,11,142,35,0,4,176
209041530,4,0,0,0,7,165,47,0,0,218
209041531,7,0,0,0,9,133,9,0,3,150
209041532,3,0,0,0,4,141,18,0,0,158
210011226,7,10,0,0,13,191,68,0,0,262
210011227,4,0,0,0,4,36,12,0,0,48
210011228,22,5,0,0,28,393,128,10,0,535
210011230,3,0,0,0,8,154,42,0,0,197
210011231,3,0,0,0,3,176,42,0,0,212
210011533,7,0,0,0,7,160,18,0,0,179
210011534,10,0,0,0,8,220,43,6,0,262
210021232,12,0,0,0,10,351,76,3,0,423
210021233,5,0,0,0,5,94,15,0,0,114
210021234,0,0,0,0,0,97,23,0,0,122
210021235,8,0,0,0,8,245,77,0,0,319
210031236,14,7,0,0,19,338,90,4,0,435
210031237,11,0,0,0,11,258,28,3,0,286
210031439,0,0,0,0,0,38,6,0,0,41
210031440,4,0,0,0,4,89,26,0,0,113
210031535,7,0,0,0,7,222,28,0,0,250
210031536,5,3,0,0,0,135,25,3,0,167
210031537,3,0,0,0,3,70,12,0,0,84
210031538,12,0,0,0,11,294,35,0,0,331
210041240,13,0,0,0,13,231,23,0,0,258
210041539,0,0,0,0,0,78,12,0,0,93
210041540,10,0,0,0,12,341,90,5,0,439
210041541,0,0,0,0,0,127,22,0,0,151
210051242,11,4,0,0,20,280,38,4,0,324
210051243,34,12,0,0,55,651,216,9,0,877
210051245,9,3,0,0,14,248,61,0,3,313
210051246,13,4,0,0,17,307,51,3,0,362
210051247,8,0,0,0,10,139,18,0,0,160
210051248,13,3,0,0,23,173,12,0,0,187
210051250,9,6,0,0,12,170,46,0,0,222
210051441,0,0,0,0,0,96,19,0,0,117
210051442,3,0,0,0,3,139,15,0,0,147
210051443,14,5,0,0,18,345,53,0,0,402
210051445,11,0,0,0,13,284,31,0,0,315
210051542,3,0,0,0,3,100,4,0,0,108
210051543,7,0,0,0,7,173,20,3,0,200
210051544,15,4,0,0,20,246,44,5,0,294
210051545,0,0,0,0,6,159,16,0,0,176
211011251,24,8,0,0,35,473,154,10,0,637
211011254,26,6,0,0,35,429,71,4,0,508
211011255,0,0,0,0,0,113,16,0,0,131
211011256,21,0,0,0,21,295,49,4,0,347
211011257,4,0,0,0,3,147,35,3,0,184
211011258,12,0,0,0,12,188,31,4,0,222
211011259,10,0,0,0,15,270,47,0,4,322
211011260,15,5,0,0,18,360,69,0,3,422
211011446,21,0,0,0,23,508,87,13,0,609
211011447,11,0,0,0,11,266,51,0,0,315
211011448,10,4,0,0,12,329,83,5,0,417
211011449,5,0,0,0,6,85,19,0,0,104
211021261,18,0,0,0,20,304,51,3,0,357
211021262,12,0,0,0,12,272,46,0,0,320
211031263,11,0,0,0,18,319,78,6,0,400
211031265,9,0,0,0,9,255,47,0,0,310
211031266,33,0,0,0,38,530,118,5,0,657
211031267,21,3,0,0,21,402,81,0,0,479
211031268,7,0,0,0,7,174,27,0,0,197
211031450,17,0,0,0,14,357,103,0,0,456
211031451,5,0,0,0,11,264,44,0,0,303
211031452,3,0,0,0,9,109,35,0,0,146
211041269,10,0,0,0,7,193,32,3,3,228
211041270,20,3,0,0,22,370,73,0,0,443
211041271,10,5,0,0,17,289,52,0,0,343
211041272,14,0,0,0,14,215,39,0,0,253
211041273,3,0,0,0,9,215,30,0,0,247
211051274,7,0,0,0,7,258,54,0,0,309
211051275,15,0,0,0,11,244,35,0,0,278
211051276,7,0,0,0,14,440,100,0,9,540
211051277,9,0,0,0,9,188,46,0,0,233
211051278,11,0,0,0,18,520,109,10,0,633
211051279,12,0,0,0,10,202,51,4,0,252
211051280,10,0,0,0,10,134,26,0,0,158
211051281,14,0,0,0,13,381,76,3,0,467
211051282,13,0,0,0,15,314,68,0,5,386
211051283,8,0,0,0,9,257,60,0,0,316
211051284,7,0,0,0,7,275,49,0,0,323
211051285,6,0,0,0,6,203,58,0,0,266
211051286,22,3,0,0,28,376,88,4,3,473
212011289,11,0,0,0,12,413,78,4,0,498
212011546,16,3,0,0,15,410,74,5,0,494
212011547,9,7,0,0,18,241,65,0,3,309
212011548,11,0,0,0,10,272,76,0,0,352
212011549,3,0,0,0,9,223,28,0,3,256
212011550,0,0,0,0,4,137,35,0,0,168
212011551,3,5,0,0,14,193,61,10,0,261
212011552,17,4,0,0,28,426,84,5,0,513
212021293,19,0,0,0,28,575,111,11,4,707
212021295,5,0,0,0,3,126,26,0,0,156
212021297,17,7,0,5,24,353,87,9,6,455
212021299,7,0,0,0,10,167,25,0,0,188
212021453,10,0,0,0,10,155,17,0,0,176
212021454,6,0,0,0,6,194,34,0,0,234
212021455,7,0,0,0,7,182,17,0,0,203
212021456,26,5,0,0,31,304,72,5,0,380
212021553,9,3,0,0,9,268,31,3,0,303
212021554,8,0,0,0,8,184,26,0,0,203
212031300,15,5,0,0,19,415,93,6,4,512
212031303,16,4,0,0,21,284,65,0,0,347
212031304,7,0,0,0,14,310,50,3,0,362
212031306,7,0,0,0,7,211,39,0,0,259
212031308,8,0,0,0,5,190,47,0,0,241
212031457,8,0,0,0,9,181,21,0,0,199
212031458,5,0,0,0,3,190,29,0,0,220
212031555,4,0,0,0,4,138,15,0,0,150
212031556,6,0,0,0,6,237,27,0,0,264
212031557,7,0,0,0,7,272,27,0,0,297
212031558,0,0,0,0,3,155,12,0,0,168
212031559,4,0,0,0,4,145,19,0,0,167
212031560,3,0,0,0,3,131,17,0,0,145
212031561,3,0,0,0,3,125,12,0,0,140
212031562,0,0,0,0,0,140,31,0,0,176
212041309,9,0,0,0,11,214,24,3,0,243
212041310,11,3,0,0,21,286,60,0,0,352
212041312,5,0,0,0,0,246,38,0,0,284
212041313,7,0,0,0,7,179,27,4,0,207
212041316,3,0,0,0,3,147,15,0,0,166
212041317,21,0,0,0,24,429,154,3,0,592
212041318,3,0,0,0,3,130,28,0,0,159
212041459,9,0,0,0,9,167,26,6,0,192
212041460,10,3,0,0,13,206,43,0,0,257
212041563,45,5,0,0,50,536,156,5,3,706
212041564,85,12,0,8,105,884,206,17,11,1112
212041565,23,9,0,0,24,276,73,4,0,356
212041566,11,0,0,0,12,206,31,3,3,244
212051319,16,0,0,0,18,355,43,0,0,396
212051321,13,0,0,0,13,324,44,3,0,374
212051322,16,0,0,0,21,425,67,0,0,499
212051323,13,4,0,0,14,288,45,0,0,332
212051324,29,3,0,0,32,463,100,9,5,573
212051325,34,8,0,0,38,487,99,8,4,594
212051326,21,0,0,0,29,598,143,5,6,750
212051327,8,0,0,0,8,331,70,0,0,401
212051567,32,3,0,0,40,307,53,13,0,370
212051568,19,3,0,0,18,302,55,5,0,362
213011328,5,0,0,0,5,118,14,0,0,133
213011329,9,0,0,0,10,123,17,0,0,140
213011331,0,0,0,0,0,74,19,0,0,92
213011332,4,0,0,0,5,158,28,0,0,187
213011333,3,0,0,0,3,101,17,0,0,113
213011334,15,0,0,0,15,246,67,3,0,319
213011335,14,0,0,0,14,208,32,0,0,242
213011336,14,0,0,0,15,276,80,5,0,359
213011337,14,0,0,0,13,218,62,3,3,285
213011338,21,0,0,0,27,400,65,0,3,473
213011339,4,0,0,0,8,142,20,0,0,164
213011340,5,3,0,0,9,227,62,0,0,286
213011569,6,0,0,0,7,180,32,0,0,219
213011570,10,7,0,0,16,207,52,3,0,270
213021341,10,0,0,0,12,293,63,0,0,353
213021342,12,0,0,0,11,207,21,0,0,233
213021343,23,0,0,0,19,361,70,9,0,438
213021344,15,0,0,0,19,428,74,0,0,507
213021345,4,0,0,0,4,72,10,0,0,73
213021346,20,0,0,0,25,430,110,7,5,550
213031347,14,0,0,0,22,351,63,4,0,412
213031348,29,9,0,3,36,564,159,0,0,723
213031349,8,5,0,0,10,232,52,4,0,287
213031350,9,0,0,0,9,207,42,0,0,251
213031351,7,3,0,0,16,305,52,4,0,365
213031352,12,0,0,0,12,407,60,0,0,476
213041353,11,5,0,0,20,399,93,10,0,501
213041358,13,0,0,0,16,181,47,6,0,232
213041359,22,9,0,0,30,378,57,3,0,437
213041360,13,4,0,0,15,210,25,0,0,233
213041461,0,0,0,0,5,52,12,0,0,63
213041462,0,0,0,0,0,66,3,0,0,69
213041463,7,0,0,0,9,255,41,3,0,304
213041571,6,0,0,0,6,87,6,0,0,97
213041572,3,0,0,0,3,72,5,0,0,72
213041573,0,0,0,0,0,32,11,0,0,46
213041574,3,0,0,0,6,155,30,0,0,179
213041575,0,0,0,0,0,170,23,0,0,195
213041576,3,3,0,0,8,145,21,0,0,173
213041577,11,3,0,0,12,177,55,5,0,236
213041578,3,0,0,0,3,148,21,0,0,173
213051361,13,3,0,0,12,349,97,5,0,450
213051362,12,0,0,0,17,261,31,5,0,297
213051363,18,4,0,0,25,375,73,4,4,461
213051368,13,7,4,0,19,358,125,3,0,488
213051464,10,0,0,0,10,258,26,0,0,284
213051466,11,0,0,0,11,254,16,0,0,269
213051467,7,0,0,0,7,203,31,6,0,233
213051468,10,0,0,0,11,266,27,0,0,297
213051579,3,0,0,0,3,109,10,0,0,124
213051580,8,0,0,0,15,237,53,7,0,288
213051581,9,0,0,0,12,109,9,0,0,128
213051582,7,0,0,0,7,134,16,0,0,152
213051583,12,0,0,0,12,354,29,0,0,384
213051584,0,0,0,0,0,91,7,0,0,100
213051585,6,0,0,0,6,145,13,0,0,162
213051586,17,0,0,0,15,287,37,0,0,322
213051587,9,0,0,0,9,128,11,0,0,140
213051588,5,0,0,0,5,270,23,0,0,291
213051589,9,0,0,0,9,92,6,0,0,102
213051590,6,0,0,0,6,138,22,0,0,162
214011370,36,8,0,0,48,566,162,8,3,741
214011371,31,3,0,0,36,616,184,3,0,807
214011372,7,0,0,0,8,276,43,4,0,324
214011373,7,4,0,0,10,356,40,0,0,398
214011374,17,3,0,0,18,468,76,0,0,546
214011375,10,5,0,0,20,414,88,7,0,510
214011376,5,0,0,0,10,224,21,0,0,243
214021377,10,0,0,0,17,311,69,5,10,396
214021378,8,0,0,0,9,331,61,0,11,396
214021379,26,3,0,0,29,529,106,4,0,639
214021381,18,0,0,0,18,503,71,4,4,587
214021382,22,3,0,0,24,474,63,0,0,540
214021383,25,0,0,0,30,631,135,0,9,783
214021384,21,6,0,0,19,442,113,0,9,571
214021385,24,8,0,0,26,571,130,3,0,702
214021591,16,0,0,0,17,411,116,3,0,527
214021592,6,0,0,0,13,346,114,0,0,463
215011386,7,0,0,0,8,120,40,0,0,166
215011387,0,0,0,0,5,179,75,0,3,258
215011388,7,0,0,0,5,290,128,7,7,434
215011389,4,0,0,0,6,174,85,0,3,265
215011390,8,0,0,0,11,303,161,0,0,462
215011391,6,0,0,0,6,102,69,0,3,176
215011392,9,6,0,0,8,212,89,0,4,305
215011393,0,0,0,0,4,119,156,0,3,283
215011394,4,0,0,0,4,182,111,0,4,306
215021395,10,0,0,0,10,156,53,4,0,217
215021396,0,0,0,0,0,83,27,6,3,120
215021398,6,0,0,0,0,169,87,3,0,259
215021399,0,0,0,0,0,113,63,0,4,172
215021469,12,7,0,0,16,359,196,9,5,568
215021470,5,0,0,0,11,174,34,0,0,208
215031400,5,0,0,0,9,188,97,0,6,295
215031401,6,0,0,0,4,235,93,0,8,338
215031402,5,0,0,0,3,92,33,0,0,125
215031403,3,0,0,0,9,47,35,0,0,84
215031404,7,4,0,0,13,230,108,12,3,351
215031405,3,0,0,0,7,148,78,0,8,235
216011406,9,3,0,0,14,355,181,16,0,551
216011407,14,3,0,0,17,265,107,0,9,377
216011408,3,0,0,0,0,162,57,0,5,226
216011409,3,0,0,0,4,83,61,0,0,147
216011410,3,0,0,0,3,154,39,0,6,204
216021411,0,0,0,0,8,110,48,4,4,165
216021412,5,0,0,0,5,96,28,0,0,133
216021413,9,3,0,0,15,392,124,6,8,526
216021414,5,0,0,0,6,145,51,0,0,198
216031415,0,0,0,0,0,82,18,0,0,99
216031416,14,7,0,0,19,374,139,7,3,518
216031418,0,0,0,0,5,154,38,0,6,195
216031419,7,0,0,0,12,294,90,5,5,391
216031593,7,0,0,0,7,143,26,0,0,169
216031594,10,0,0,0,10,236,81,3,0,325
217011420,14,7,0,0,17,350,174,0,8,533
217011421,11,7,0,0,12,244,113,3,3,366
217011422,4,0,0,5,11,207,94,3,10,307
217011423,13,0,0,0,13,351,233,0,15,611
217031471,4,0,0,0,4,77,39,0,8,121
217031472,9,0,0,0,13,246,139,6,3,398
217031473,7,0,0,0,11,247,107,0,5,368
217031474,10,4,0,0,13,218,103,4,3,324
217031475,23,0,0,0,23,399,191,0,15,603
217031476,7,0,0,0,7,182,53,3,5,247
217041477,9,4,0,0,11,355,201,0,15,570
217041478,8,0,0,0,11,351,191,0,10,551
217041479,18,3,0,0,20,381,90,7,0,483
217041480,21,4,3,0,30,425,215,43,7,683
297979799,0,0,0,0,0,0,0,0,0,0
299999499,909,59,4,15,986,33670,3375,56,218,37324
301011001,11,0,0,0,14,287,42,0,0,330
301011002,5,0,0,0,5,164,31,0,0,196
301011003,5,0,0,0,5,233,51,0,0,278
301011004,27,11,0,0,37,517,180,8,3,712
301011005,6,0,0,0,6,66,9,0,0,80
301011006,6,0,0,0,9,222,59,0,0,277
301021007,13,0,0,0,16,399,112,7,3,520
301021008,9,0,0,0,8,151,30,0,0,184
301021009,14,0,0,0,18,320,60,0,0,380
301021011,7,0,0,0,7,158,25,3,0,184
301021012,19,3,0,0,20,321,59,0,0,378
301021013,11,0,0,0,14,323,56,3,0,379
301021550,4,5,0,0,9,75,22,0,0,103
301021551,3,0,0,0,11,179,32,0,4,215
301031014,5,0,0,0,8,71,13,3,0,96
301031015,6,0,0,0,4,177,32,3,0,213
301031016,9,0,0,0,9,240,45,5,0,290
301031017,9,3,0,0,17,208,37,5,0,250
301031018,8,0,0,0,13,164,43,3,0,210
301031019,11,0,0,0,12,164,32,0,0,203
301031020,16,3,0,0,16,355,88,4,0,447
301031021,15,0,0,0,17,310,41,3,0,361
302011022,7,0,0,0,7,133,28,0,0,157
302011023,3,0,0,0,3,118,20,0,0,133
302011024,0,0,0,0,0,149,22,0,0,168
302011025,6,0,0,0,6,187,27,0,0,219
302011026,13,0,0,0,13,152,23,0,0,170
302021027,11,0,0,0,7,284,55,7,0,346
302021028,9,0,0,0,15,282,78,7,3,373
302021029,4,0,0,0,4,111,15,0,0,124
302021030,10,4,0,0,13,162,52,3,0,220
302021031,19,0,0,0,18,324,45,6,0,380
302021032,7,0,0,0,11,222,56,13,0,284
302021033,7,0,0,0,5,118,24,0,0,135
302021034,11,0,0,0,11,199,39,0,0,242
302031035,7,0,0,0,7,160,22,0,0,190
302031036,16,0,0,0,16,195,15,8,0,215
302031037,16,0,0,0,13,213,28,4,0,238
302031038,12,0,0,0,12,285,75,4,3,367
302031039,12,0,0,0,6,238,49,0,0,294
302031040,11,0,0,0,13,254,50,4,0,306
302041041,14,0,0,0,14,249,33,0,0,284
302041042,13,0,0,0,11,185,36,0,0,216
302041043,4,0,0,0,4,81,16,0,0,96
302041044,7,0,0,0,7,187,70,3,0,256
302041045,12,0,0,0,12,172,28,0,0,203
302041046,3,0,0,0,3,131,16,0,0,144
303011047,11,0,0,0,13,239,38,0,0,271
303011048,4,0,5,0,10,175,37,4,0,218
303011049,13,0,0,0,10,229,36,0,0,261
303011050,6,0,0,0,6,103,28,0,0,135
303011051,14,0,0,0,15,324,40,5,0,366
303021052,6,0,0,0,6,268,45,3,0,316
303021053,15,4,0,0,15,381,76,3,0,465
303021054,7,0,0,0,7,111,20,0,0,134
303021055,12,0,0,0,16,351,115,7,0,473
303021056,10,4,0,0,10,191,37,0,0,230
303021057,5,0,0,0,5,129,15,0,0,144
303021058,22,5,0,0,32,372,80,3,0,460
303021059,11,0,0,0,10,249,61,5,0,316
303031060,21,3,0,0,22,328,54,0,0,381
303031061,3,0,0,0,11,102,24,0,0,124
303031062,12,6,3,0,17,242,48,3,0,293
303031063,9,0,0,0,14,308,59,3,0,368
303031064,8,4,0,0,12,224,39,0,0,265
303031065,14,0,0,0,16,287,67,4,0,359
303031066,8,0,0,0,8,185,30,0,0,213
303041067,27,0,0,0,33,194,48,4,0,245
303041068,13,3,0,0,17,282,67,0,0,349
303041069,7,0,0,0,9,104,18,0,0,121
303041070,20,0,0,0,22,241,42,6,0,290
303041071,5,0,0,0,3,203,45,0,0,248
303051072,5,0,0,0,5,133,25,0,0,153
303051073,14,0,0,0,17,368,65,0,4,438
303051074,13,4,0,0,20,255,45,0,0,298
303051075,10,0,0,0,10,249,40,0,0,282
303051076,40,5,0,4,57,547,154,16,7,719
303061077,6,0,0,0,6,162,17,0,0,183
303061078,6,0,0,0,10,247,32,0,0,278
303061079,8,0,0,0,8,160,47,0,0,202
303061080,17,0,0,0,16,318,46,0,0,367
304011081,10,4,0,0,10,169,31,0,0,205
304011082,3,0,0,0,3,128,28,0,0,158
304011083,3,0,0,0,3,58,11,0,0,68
304011084,12,4,4,0,21,213,38,8,0,267
304011085,3,0,0,0,3,65,9,0,0,71
304021086,7,0,0,0,6,207,20,0,0,230
304021087,9,0,0,0,9,188,20,0,0,206
304021088,6,0,0,0,6,196,26,0,0,219
304021089,3,0,0,0,3,83,9,0,0,92
304021090,13,0,0,0,11,241,49,0,0,289
304021091,12,0,0,0,7,112,24,0,0,138
304031092,5,0,0,0,5,173,37,3,0,212
304031093,6,0,0,0,6,120,25,0,0,143
304031094,18,0,0,0,17,328,51,0,0,384
304031095,10,0,0,0,10,179,30,0,0,208
304031096,17,4,0,0,27,228,38,0,0,263
304031097,4,0,0,0,4,184,33,0,0,217
304041098,8,3,0,0,11,187,33,7,0,223
304041099,0,0,0,0,0,5,0,0,0,5
304041100,0,0,0,0,0,143,23,0,0,162
304041101,5,0,0,0,5,143,30,0,0,178
304041102,0,0,0,0,0,0,0,0,0,8
304041103,9,0,0,0,9,379,46,0,0,423
304041104,11,0,0,0,12,159,12,0,0,174
305011105,116,17,4,4,142,1398,567,563,8,2536
305011106,18,0,0,0,20,451,84,28,3,564
305011107,11,0,0,0,11,152,14,0,0,168
305011108,11,0,0,0,11,215,28,3,0,252
305011109,19,4,0,0,23,343,53,5,0,402
305011110,29,6,0,0,44,411,104,10,0,519
305011111,13,3,0,0,17,378,186,13,0,578
305011112,23,5,0,0,30,498,75,3,0,579
305021113,0,0,0,0,0,91,16,6,0,103
305021114,6,0,0,0,6,183,34,3,0,226
305021115,8,0,0,0,7,182,33,4,0,222
305021116,3,0,0,0,3,118,23,4,0,140
305021117,17,0,0,0,17,327,65,9,0,399
305021118,0,0,0,0,0,147,19,0,0,167
305031119,6,5,0,0,10,209,43,4,0,252
305031120,4,0,0,0,4,128,21,0,0,146
305031121,4,0,0,0,3,122,42,0,0,160
305031122,10,0,0,0,10,232,43,5,0,286
305031123,8,0,0,0,7,88,24,0,0,108
305031124,7,0,0,0,7,154,18,3,0,169
305031125,8,0,0,0,8,177,28,0,5,214
305031126,18,0,0,0,27,257,31,7,0,291
305031127,8,0,0,0,8,117,18,0,0,140
305031128,36,4,3,6,46,635,112,14,5,758
305031129,5,0,0,0,5,102,28,0,0,131
305031130,5,0,0,0,9,215,38,5,0,249
305031131,10,0,0,0,14,245,32,0,0,280
305041132,7,0,0,0,12,400,69,0,5,472
305041133,8,0,0,0,11,154,88,5,0,243
305041134,17,0,0,0,16,281,31,0,0,314
305041135,30,3,0,0,36,506,154,12,0,678
305041136,3,0,0,0,8,184,25,0,0,199
305041137,9,0,0,0,9,373,58,8,5,446
306011138,4,0,0,0,4,83,17,0,0,98
306011139,18,0,0,0,16,296,61,0,4,362
306011140,4,0,0,0,4,116,24,0,0,141
306011141,7,0,0,0,16,219,47,0,0,270
306011142,19,8,0,0,22,402,97,0,0,507
306011143,5,0,0,0,3,151,25,0,0,177
306021144,4,0,0,0,4,99,29,0,0,134
306021145,31,4,0,0,35,558,232,17,3,817
306021146,6,0,0,0,6,151,43,0,0,199
306021147,8,0,0,0,7,138,42,0,0,180
306021148,15,0,0,0,13,187,79,0,0,271
306021149,12,3,0,0,11,141,37,0,0,174
306021150,0,0,0,0,0,0,0,0,0,0
306021151,4,0,0,0,7,93,39,3,0,137
306021152,4,0,0,0,4,137,56,0,6,189
306021153,3,0,0,0,7,124,26,0,0,146
306021154,39,3,0,0,38,365,177,8,9,555
306021155,0,0,0,0,0,59,12,0,0,73
306021156,3,0,0,0,3,193,43,5,0,238
306021157,3,0,0,0,3,90,25,0,0,112
306031158,7,0,0,0,7,134,74,3,0,210
306031159,10,5,0,0,11,173,85,3,0,263
306031160,10,4,0,0,12,230,81,0,0,312
306031161,23,5,0,0,25,289,142,0,5,431
306031162,0,0,0,0,0,0,0,0,0,0
306031163,0,0,0,0,0,7,3,5,0,11
306041164,14,0,0,0,14,198,54,0,6,257
306041165,14,8,0,0,15,265,112,3,4,382
306051166,16,6,0,5,27,311,168,10,10,495
306051167,16,0,0,0,15,154,43,0,0,191
306051168,10,5,0,0,15,185,50,0,0,232
306051169,11,3,0,0,13,290,94,4,7,393
306051170,7,4,0,0,13,225,119,8,8,354
307011171,3,0,0,0,3,94,80,0,3,181
307011172,10,0,0,0,12,230,96,0,11,333
307011173,9,0,0,0,12,136,76,3,0,217
307011174,9,0,0,0,9,125,63,0,0,187
307011175,12,0,0,0,16,202,59,0,0,262
307011176,14,0,0,0,15,139,62,0,0,205
307011177,13,3,0,3,20,338,145,0,7,491
307011178,0,0,0,0,0,121,56,0,4,185
307021179,16,4,0,0,19,346,81,0,4,442
307021180,12,0,0,0,11,240,82,0,3,323
307021181,0,0,0,0,0,102,38,0,5,142
307021182,10,3,0,0,17,130,74,3,3,208
307021183,19,7,0,0,29,489,179,3,9,679
307031184,7,0,0,0,10,193,32,0,3,235
307031185,0,5,0,0,3,172,43,0,0,219
307031186,3,0,0,0,4,158,52,0,0,213
307031187,10,0,0,0,10,133,51,0,0,191
307031188,8,5,0,0,10,175,65,3,5,246
307031189,25,6,0,0,31,330,121,4,5,457
308011190,9,3,0,0,10,133,69,4,5,204
308011191,11,3,0,0,15,321,156,0,10,485
308011192,12,0,0,0,17,207,92,4,0,300
308031205,15,4,0,0,16,126,87,3,0,218
308031206,3,0,0,0,3,31,12,0,0,44
308031207,0,0,0,0,0,71,15,0,0,88
308031208,6,0,0,0,6,113,24,0,0,133
308031209,0,0,0,0,0,51,21,0,0,73
308031210,9,0,0,0,8,137,45,0,0,185
308031211,0,0,0,0,0,63,10,0,0,70
308031212,0,0,0,0,0,17,15,0,0,32
308031213,6,3,0,0,11,86,31,0,0,116
308031214,3,0,0,0,3,72,45,0,0,115
308031215,9,6,0,0,11,109,69,0,3,180
308031216,3,0,0,0,3,71,21,0,0,94
308031217,6,7,0,0,14,148,123,24,0,298
308031218,5,0,0,0,5,89,22,0,0,110
308031219,4,5,0,0,5,158,53,3,5,213
308031220,4,0,0,0,3,98,35,0,7,135
308031221,0,0,0,0,0,0,0,0,0,0
308031222,3,0,0,0,5,114,55,5,0,171
308031223,26,5,0,0,28,418,156,5,6,576
308041528,20,4,0,0,26,423,171,0,10,609
308041529,3,0,0,0,9,93,44,0,0,134
308051530,8,3,0,5,13,212,61,0,5,281
308051531,7,3,0,0,8,137,48,0,0,185
308051532,4,0,0,0,3,14,16,0,0,26
308051533,5,0,0,0,3,161,31,0,0,196
308051534,8,0,0,0,13,157,93,6,0,258
308051535,13,0,0,0,15,181,48,4,5,229
308051536,0,0,0,0,0,50,6,0,0,52
308051537,4,0,0,0,4,8,0,0,0,9
308051538,3,0,0,0,3,68,11,0,0,79
308051539,3,6,0,0,9,58,25,0,0,85
309011224,14,0,0,0,14,223,49,4,0,277
309011225,48,11,0,0,59,723,184,6,4,913
309011226,10,5,0,0,15,353,63,0,0,424
309011227,29,3,0,0,31,568,105,5,0,679
309011228,26,0,0,0,27,345,47,0,0,400
309011229,10,0,0,0,12,285,51,3,0,336
309021230,13,0,0,0,18,209,57,4,0,273
309021231,26,0,0,0,28,451,86,5,0,545
309021232,15,3,0,0,22,337,90,0,6,434
309021233,16,0,0,0,21,300,50,0,0,352
309021234,20,0,0,0,22,468,71,3,0,545
309031235,20,3,0,0,30,341,75,0,3,426
309031236,23,4,0,0,22,255,35,4,0,296
309031237,0,0,0,0,3,176,18,0,0,190
309031238,31,0,0,0,25,380,59,0,0,441
309031239,16,8,0,0,18,246,43,4,0,292
309031240,14,3,0,0,10,202,50,0,0,252
309041241,9,0,0,0,8,169,25,4,0,199
309041242,41,10,0,5,50,554,130,0,3,690
309051243,24,3,0,0,27,269,39,0,0,313
309051244,23,4,0,0,22,528,93,0,0,621
309051245,11,0,0,0,11,166,16,0,0,184
309061246,22,6,0,0,26,382,78,3,0,465
309061247,7,0,0,0,3,178,20,0,0,198
309061248,49,8,0,0,54,654,148,0,0,807
309061249,20,0,0,0,21,381,42,0,0,425
309061250,12,5,0,0,14,210,38,0,0,249
309071251,25,5,0,0,27,490,82,5,0,573
309071252,22,6,0,0,22,488,89,13,0,592
309071253,19,0,0,0,21,368,60,0,0,432
309071254,6,0,0,0,5,133,35,0,0,173
309071256,10,0,0,0,15,423,72,5,0,501
309071552,27,0,0,0,36,333,71,9,0,415
309071553,24,8,0,0,30,389,88,9,0,489
309071554,6,0,0,0,6,194,32,0,0,220
309071555,9,0,0,0,9,140,15,0,0,151
309071556,13,0,0,0,8,226,28,3,0,260
309071557,25,0,0,0,26,426,52,4,0,482
309071558,8,0,0,0,8,141,15,0,0,158
309081259,4,4,0,0,7,88,28,0,0,119
309081260,20,0,0,0,20,153,14,0,0,170
309081262,29,8,0,0,36,472,72,9,4,558
309081559,24,3,0,0,27,477,72,0,3,552
309081560,22,3,0,0,25,343,47,6,0,399
309091263,18,0,0,0,23,371,80,0,0,450
309091264,16,3,0,0,25,337,79,0,0,419
309091265,4,0,0,0,6,164,28,0,0,198
309091540,43,6,0,0,55,674,180,18,4,876
309091541,22,3,0,0,25,449,80,5,3,538
309101267,14,5,0,0,17,276,71,4,0,350
309101268,22,0,0,0,25,312,78,17,5,417
309101269,9,0,0,0,11,163,21,3,0,195
309101561,27,6,0,0,30,428,82,10,0,528
309101562,13,5,0,0,16,342,48,0,0,394
310011271,20,7,0,0,27,235,75,6,0,312
310011272,5,0,0,0,5,104,14,0,0,116
310011274,19,4,0,0,26,262,85,4,0,350
310011275,11,0,0,0,12,180,33,0,0,211
310011276,10,6,0,0,12,111,24,0,5,135
310011563,5,0,0,0,5,102,9,0,0,116
310011564,21,0,0,0,21,325,52,0,0,378
310021277,21,4,0,0,21,350,111,5,6,469
310021278,3,0,0,0,11,140,30,0,0,177
310021279,0,0,0,0,0,0,0,0,0,0
310021280,10,7,0,0,16,346,99,3,5,456
310021281,8,5,0,0,11,298,80,0,0,383
310021282,19,3,0,0,21,228,65,0,0,302
310031283,4,0,0,0,3,121,22,0,0,148
310031284,4,0,0,0,8,136,30,6,0,167
310031285,7,0,0,0,9,96,31,0,0,127
310031286,19,0,0,0,25,300,113,6,0,425
310031287,12,0,0,0,15,286,67,0,0,351
310031288,4,0,0,0,6,99,24,0,0,122
310031289,11,0,0,0,11,106,19,0,0,129
310031290,6,0,0,0,5,119,23,0,0,143
310031291,0,0,0,0,0,77,18,0,0,97
310031292,0,0,0,0,3,102,33,0,0,141
310031293,4,5,0,0,5,171,40,0,0,209
310031294,4,3,0,0,5,168,25,0,0,196
310031295,4,0,0,0,5,31,8,0,0,38
310041297,8,3,0,0,14,142,33,0,0,172
310041298,11,0,0,0,11,37,13,0,0,52
310041299,16,0,0,0,10,213,33,0,0,245
310041300,0,0,0,0,6,143,18,0,0,162
310041301,0,0,0,0,0,0,0,0,0,4
310041302,17,0,0,0,13,227,33,0,0,261
310041303,8,0,0,0,6,141,19,4,0,161
310041304,11,3,0,0,11,348,38,3,0,386
310041565,0,0,0,0,0,115,21,0,3,138
310041566,4,0,0,0,3,97,9,0,0,103
311011305,29,0,0,0,32,373,91,0,3,469
311021306,9,3,0,0,14,215,87,3,0,305
311021307,10,4,0,0,11,148,31,0,0,178
311021308,3,0,0,0,7,119,20,0,0,138
311021309,8,0,0,0,6,88,26,0,0,110
311021310,4,0,0,0,5,138,26,0,0,162
311031311,12,0,0,0,12,277,56,8,0,340
311031312,10,0,0,0,11,176,54,0,0,236
311031313,6,5,0,0,13,127,30,0,0,156
311031314,16,0,0,0,16,156,38,3,0,200
311031315,0,0,0,0,0,0,0,0,0,0
311031316,11,0,0,0,10,158,55,3,0,211
311031317,7,0,0,0,7,146,25,0,0,164
311031318,8,5,0,0,13,99,14,0,0,113
311031319,4,0,0,0,4,192,36,0,0,227
311041322,10,4,0,0,15,236,50,0,0,289
311041567,3,0,0,0,3,97,16,0,0,117
311041568,10,0,0,0,10,143,20,0,5,171
311041569,16,0,0,0,19,171,41,0,0,212
311041570,22,4,0,0,28,400,111,0,5,515
311041571,4,0,0,0,4,130,10,0,0,138
311051323,4,0,0,0,5,135,32,0,0,169
311051324,15,0,0,0,15,199,54,0,0,254
311051325,15,8,0,0,20,292,88,3,0,381
311051326,17,5,0,0,19,214,47,6,0,258
311051327,12,0,0,0,12,213,69,0,0,286
311051328,5,3,0,0,8,88,19,0,0,110
311061329,4,0,0,0,4,135,37,0,0,174
311061330,13,4,0,0,11,119,17,0,0,141
311061331,17,3,0,0,17,131,28,0,0,160
311061332,14,0,0,0,16,259,35,0,0,297
311061333,20,5,0,0,30,265,90,5,0,356
311061334,18,0,0,0,17,258,66,0,0,333
311061335,14,6,0,0,22,257,74,0,0,328
311061336,9,0,0,0,11,150,39,0,0,195
312011337,9,0,0,0,9,134,53,0,0,182
312011338,6,0,0,0,8,169,89,0,0,261
312011339,7,0,0,0,9,123,72,0,0,205
312011340,5,0,0,3,4,76,60,3,6,140
312011341,3,3,0,0,9,84,33,4,0,117
312021342,0,3,0,0,5,164,40,0,6,207
312021343,0,0,0,0,0,35,9,0,0,44
312021344,3,0,0,0,3,161,34,4,0,191
312021345,0,0,0,0,0,0,0,0,0,0
312021346,7,9,0,0,17,227,153,18,0,402
312021347,0,0,0,0,4,12,6,0,0,26
312021348,4,4,0,0,6,154,57,7,0,224
312021349,3,0,0,0,3,134,57,0,0,193
312021350,7,4,0,0,9,140,61,8,0,202
312021351,8,3,0,0,13,145,53,0,0,203
312021352,14,0,0,0,15,166,90,0,4,254
312021353,3,3,0,0,8,145,64,0,0,214
312021354,4,0,0,0,4,74,19,0,0,96
312021355,4,0,0,0,4,52,7,0,0,60
312021356,10,0,0,0,9,79,20,0,3,101
312021357,6,0,0,0,6,163,68,0,0,233
312021358,3,3,0,0,5,90,36,0,0,131
312031359,22,6,0,0,32,433,158,5,0,598
312031360,0,0,0,0,0,0,0,0,0,0
312031361,14,0,0,0,16,241,94,0,6,340
313011362,13,0,0,0,11,276,64,3,0,343
313011363,27,0,0,0,28,365,88,3,3,456
313021364,9,0,0,0,6,130,27,0,0,161
313021366,27,7,0,0,31,343,93,0,0,438
313021367,5,0,0,0,5,77,16,5,0,103
313021368,7,0,0,0,11,128,21,0,0,153
313021369,4,5,0,0,13,100,50,0,0,158
313021572,25,6,0,0,28,298,68,5,0,372
313021573,11,0,0,0,15,246,67,3,0,318
313031370,5,0,0,3,8,163,40,4,3,211
313031371,7,5,0,0,11,191,58,0,3,253
313041372,12,3,0,0,19,301,79,0,0,377
313041373,20,3,0,0,18,376,80,3,0,462
313041374,0,0,0,0,0,115,28,0,0,145
313041375,13,4,0,0,19,338,91,3,0,433
313041376,0,0,0,0,8,70,16,3,0,94
313051377,10,4,0,0,17,223,72,0,0,297
313051378,14,3,0,0,15,247,39,0,0,286
313051379,10,5,0,0,9,230,78,3,0,314
313051380,20,0,0,0,18,319,68,3,0,388
313051574,0,0,0,0,0,12,4,0,0,16
313051575,5,0,0,0,8,297,43,4,0,345
314011382,6,0,0,0,9,320,67,0,0,391
314011383,11,0,0,0,11,354,62,0,0,420
314011384,15,0,0,0,19,215,35,0,4,255
314011385,3,0,0,0,7,139,26,0,0,166
314011386,12,4,0,0,20,498,106,0,3,605
314011387,18,5,0,0,19,347,60,0,0,403
314021389,15,0,0,0,15,365,33,0,0,399
314021576,0,0,0,0,0,73,8,0,0,79
314021577,9,0,0,0,11,354,38,5,0,395
314021578,13,0,0,0,13,204,15,0,0,222
314021579,24,4,0,0,29,546,89,4,0,641
314031391,8,0,0,0,6,142,21,0,0,166
314031392,4,0,0,0,3,133,45,4,0,182
314031393,7,0,0,0,5,151,29,0,0,177
314031394,27,8,0,0,36,454,170,4,0,636
315011395,0,0,0,0,0,0,0,0,0,0
315011396,0,0,0,0,0,113,46,0,5,170
315011397,0,0,0,0,3,49,25,0,0,77
315011398,0,0,0,0,0,4,0,0,0,3
315011399,0,0,0,0,0,14,8,0,0,27
315011400,8,0,0,0,10,124,93,3,0,226
315011401,0,0,0,0,0,30,17,3,0,53
315011402,0,0,0,0,0,19,7,0,0,26
315011403,3,0,0,0,3,41,15,0,0,60
315021404,0,3,0,0,3,52,40,0,0,91
315021405,9,0,0,0,13,140,67,0,3,205
315021406,5,0,0,0,5,57,30,0,4,86
315021407,8,0,0,3,10,154,101,5,8,269
315031408,3,0,0,0,6,186,144,3,8,337
315031409,7,0,0,6,12,106,88,3,5,204
315031410,0,0,0,0,0,96,40,0,0,133
315031411,3,3,0,0,3,111,54,0,0,164
315031412,9,0,0,0,10,107,61,0,3,167
316011413,37,4,0,0,39,653,180,13,0,844
316011414,19,4,0,0,26,529,132,6,4,669
316011415,4,0,0,0,4,245,36,0,0,278
316011416,17,4,0,0,24,243,48,0,5,297
316021417,3,0,0,0,8,221,49,5,0,276
316021418,9,3,0,0,13,210,46,3,0,259
316021419,17,7,0,0,16,283,81,0,0,365
316021421,18,0,0,0,15,264,36,7,0,302
316021422,18,0,0,0,17,256,48,0,0,309
316021423,10,0,0,0,16,362,74,7,5,440
316021424,14,4,0,0,21,318,77,0,0,398
316021580,15,0,0,0,17,330,72,3,0,406
316021581,17,0,0,0,18,295,79,0,0,377
316031425,20,3,0,0,20,578,79,0,0,661
316031426,11,0,0,0,11,321,71,0,0,394
316031427,42,8,0,0,54,882,223,10,8,1120
316031428,25,6,0,0,27,391,92,3,0,490
316051434,24,0,0,0,21,315,76,5,0,394
316051435,19,5,0,0,17,526,155,4,4,687
316051437,15,0,0,0,22,286,47,0,4,334
316051438,7,0,0,0,7,273,64,0,0,339
316051543,8,4,0,0,13,161,46,0,0,206
316051544,17,4,0,0,18,292,38,0,0,334
316061439,13,0,0,0,16,227,85,0,4,312
316061440,19,0,0,0,19,416,81,0,4,498
316061441,9,0,0,0,9,150,49,0,0,206
316061442,24,3,0,0,26,398,94,0,4,490
316061443,9,0,0,0,14,235,47,0,0,283
316061444,23,0,0,0,18,375,99,3,5,480
316071545,3,5,0,0,8,240,33,0,0,283
316071546,4,0,0,0,4,115,18,3,0,138
316071547,28,6,0,0,36,572,144,0,0,718
316071548,27,12,0,0,39,641,163,10,4,822
316081549,42,9,0,0,46,837,168,4,4,1013
317011445,3,0,0,0,8,119,31,0,5,154
317011446,0,0,0,0,0,164,36,3,0,199
317011447,4,10,0,0,14,190,72,3,0,271
317011448,8,0,0,0,14,107,50,3,0,156
317011449,5,0,0,0,5,91,22,0,0,112
317011450,9,0,0,0,9,261,60,3,0,324
317011451,16,0,0,0,22,254,78,0,0,340
317011452,0,0,0,0,0,87,22,0,0,106
317011453,9,0,0,0,9,164,37,0,0,202
317011454,5,0,0,0,9,126,44,3,0,172
317011455,4,0,0,0,4,109,27,0,0,136
317011456,16,10,0,0,25,483,187,22,3,693
317011457,12,0,0,0,12,266,81,5,0,349
317011458,16,3,0,0,27,281,68,5,0,350
317011459,8,0,0,0,16,214,52,5,0,274
318011460,6,0,0,3,11,163,106,7,3,278
318011461,10,0,0,0,9,214,106,6,0,323
318011462,6,0,0,0,9,106,54,0,0,156
318011463,8,0,0,0,10,127,69,0,0,198
318011464,9,0,0,0,9,102,72,5,3,180
318011465,4,0,0,0,4,160,64,0,3,223
318011466,0,0,0,0,0,9,0,0,0,9
318021467,4,0,0,0,3,103,43,6,4,153
318021468,13,0,0,0,13,87,20,5,0,115
318021469,4,0,0,0,4,56,8,0,0,65
318021470,9,0,0,0,9,81,27,0,0,110
318021471,0,0,0,0,0,105,35,4,0,138
318021472,3,0,0,0,3,78,23,0,0,100
318021474,10,0,0,0,10,95,12,0,0,105
318021475,22,10,3,0,37,270,153,10,0,435
318021476,9,0,0,0,7,152,65,3,3,223
318021477,0,0,0,0,0,47,9,0,0,57
318021478,0,0,0,0,9,99,46,3,0,149
318021479,5,0,0,0,5,166,84,0,0,251
318021480,10,4,0,0,6,115,36,0,0,150
318021481,3,0,0,0,10,118,58,0,0,174
318021482,3,0,0,0,7,174,50,0,0,227
318021483,6,0,0,0,6,104,36,0,4,135
318021484,9,0,0,0,9,156,38,3,0,197
318021485,0,0,0,0,0,64,18,0,0,79
318021486,0,0,0,0,3,111,36,0,0,145
318021487,8,0,0,0,7,96,20,0,0,115
318021488,6,0,0,0,4,127,41,0,0,170
318021489,13,0,0,0,13,83,25,0,3,108
318021490,10,0,0,0,9,231,101,17,0,350
318021491,7,0,0,0,7,71,12,0,0,81
318021582,9,0,0,0,9,230,43,0,0,274
318021583,6,0,0,0,9,66,23,0,0,90
319011492,5,0,0,0,5,67,16,0,0,83
319011493,13,0,0,0,13,312,96,0,0,412
319011494,8,0,0,0,6,80,29,0,0,110
319011495,13,7,0,0,20,252,158,17,0,427
319011496,7,7,0,0,10,100,60,3,0,161
319011497,4,0,0,0,8,108,34,0,3,142
319011498,6,0,0,0,6,155,58,0,7,217
319011499,12,6,0,0,21,195,110,0,5,312
319011500,4,0,0,0,4,73,36,0,0,118
319011501,9,4,0,0,13,108,52,5,0,168
319011502,3,3,0,0,8,158,44,0,0,202
319021503,6,9,0,0,11,181,100,0,0,281
319021504,10,0,0,0,10,113,43,0,0,163
319021505,18,0,0,0,18,189,88,5,3,282
319021506,19,0,0,0,18,228,75,0,3,314
319021507,6,0,0,0,12,190,38,0,4,235
319021508,13,0,0,0,13,179,61,0,12,258
319021509,14,0,0,0,13,194,64,0,4,260
319021510,0,0,0,0,0,4,0,0,0,4
319031511,7,0,0,0,7,154,41,0,5,202
319031512,32,10,0,0,44,459,176,9,11,655
319031513,9,0,0,0,7,125,22,0,0,149
319031514,27,3,0,0,33,554,164,0,4,722
319031515,3,0,0,0,3,145,49,0,0,193
319041516,11,0,0,0,11,128,31,0,0,155
319041517,4,0,0,0,7,107,26,0,0,134
319041518,6,8,0,0,19,305,149,7,4,470
319041519,4,0,0,0,4,67,14,0,0,81
319041520,11,0,0,0,11,245,77,4,7,330
319041521,11,6,0,0,19,261,68,0,4,330
319051522,8,0,0,0,7,166,37,0,0,207
319051523,0,0,0,0,0,32,5,0,0,39
319051524,32,0,0,0,32,355,112,4,7,482
319051525,12,0,0,0,11,165,51,0,4,221
319051526,9,0,0,0,7,100,32,0,0,129
397979799,0,0,0,0,0,7,4,0,0,11
399999499,976,70,0,19,1076,28738,3408,52,190,32386
401011001,95,13,4,5,116,1934,673,240,5,2862
401011002,9,0,0,0,14,334,124,12,0,468
401021003,4,0,0,0,4,174,56,6,3,230
401021004,14,0,0,0,14,607,101,7,0,712
401021005,6,0,0,0,6,146,60,0,0,215
401021006,7,0,0,0,6,286,89,3,3,380
401021007,27,4,0,0,28,611,132,10,3,757
401021008,15,0,0,0,15,234,40,0,6,281
401021009,3,0,0,0,5,96,19,0,0,118
401021010,3,0,0,0,3,154,29,7,6,194
401031011,3,0,0,0,3,469,63,3,0,541
401031012,12,0,0,0,12,231,32,6,0,265
401031013,17,0,0,0,22,553,144,15,0,725
401041014,3,0,0,0,3,162,18,0,0,183
401041015,10,0,0,0,9,427,115,7,5,550
401041016,10,0,0,0,10,442,90,5,0,535
401051017,16,3,0,0,13,562,190,26,0,784
401051018,5,0,0,0,5,360,91,0,0,453
401051019,10,3,0,0,19,456,129,10,5,601
401061020,0,0,0,0,0,111,17,0,0,134
401061021,9,0,0,0,9,336,83,6,0,426
401061022,10,0,0,0,10,170,44,0,0,220
401071023,19,4,0,0,19,553,131,9,0,697
401071024,29,6,0,0,35,752,160,12,0,933
402011025,7,0,0,0,7,176,52,0,0,232
402011026,14,5,0,0,15,404,146,4,3,566
402011027,6,0,0,0,3,181,42,4,0,222
402021028,7,0,0,0,11,202,31,0,0,239
402021029,7,0,0,0,8,156,44,0,0,205
402021030,7,0,0,0,12,167,61,0,5,232
402021031,4,0,0,0,4,128,22,0,0,152
402021032,10,0,0,0,8,278,64,0,0,342
402021033,0,0,0,0,0,52,14,0,0,68
402021034,10,0,0,0,12,93,35,0,0,129
402021035,9,0,0,0,11,401,132,0,0,536
402031036,17,3,0,0,26,574,116,0,0,695
402031038,13,0,0,0,13,413,94,3,0,507
402031175,8,0,0,0,8,237,24,6,0,265
402031176,9,0,0,0,9,159,37,0,0,199
402041039,0,0,0,0,0,11,0,0,0,13
402041040,5,0,0,0,5,200,39,0,0,240
402041041,13,0,0,0,13,256,56,3,3,319
402041042,0,0,0,0,0,13,4,0,0,15
402041043,10,0,0,0,8,236,35,0,0,273
402041044,3,0,0,0,3,157,18,0,0,176
402041046,7,0,0,0,11,283,83,8,0,380
402041047,13,0,0,0,13,265,66,0,5,333
402041048,15,7,0,0,21,240,54,0,9,304
402041171,10,0,0,0,18,275,49,6,0,340
402041172,18,0,0,0,16,256,68,3,0,333
402051049,3,3,0,0,7,192,61,0,0,253
402051050,3,0,0,0,3,112,18,0,0,127
402051051,6,0,0,0,8,210,39,0,0,248
402051052,14,4,0,0,16,369,114,9,0,491
402051053,22,0,0,0,22,300,39,0,0,337
402051054,10,0,0,0,9,287,63,0,0,353
402051055,7,0,0,0,8,283,77,7,0,361
403011056,6,0,0,0,6,363,69,3,5,438
403011057,14,0,0,0,20,612,173,9,0,795
403021058,11,3,0,0,15,310,79,4,4,398
403021059,9,0,0,0,8,207,50,3,0,265
403021060,8,0,0,0,9,200,24,0,0,228
403021061,7,5,0,0,11,290,53,3,0,346
403021062,4,0,0,0,7,264,45,0,0,308
403021063,9,0,0,0,9,182,15,3,0,199
403021064,12,0,0,0,15,300,53,6,3,357
403031065,0,0,0,0,0,136,24,3,0,169
403031066,8,0,0,0,14,186,34,4,0,224
403031067,9,0,0,0,9,330,74,4,0,410
403031068,16,0,0,0,17,406,94,7,0,505
403031069,13,0,0,0,13,367,48,6,0,424
403031070,6,0,0,0,6,206,36,0,0,244
403041071,4,0,0,0,4,206,24,0,0,231
403041072,23,5,0,0,30,372,62,5,5,440
403041073,5,4,0,0,13,120,33,0,0,155
403041074,13,0,0,0,13,239,68,4,0,313
403041075,4,0,0,0,7,86,20,0,0,110
403041076,0,0,0,0,0,97,10,0,0,111
403041077,3,0,0,0,8,194,34,0,0,222
403041078,0,0,0,0,0,167,34,0,0,202
403041079,0,0,0,0,0,83,9,0,0,92
403041080,4,0,0,0,6,243,51,0,0,298
403041081,0,0,0,0,0,0,0,0,0,0
403041082,0,0,0,0,0,229,91,3,0,323
403041083,9,4,0,0,14,289,91,8,0,387
403041084,3,0,0,0,3,239,57,0,0,298
403041085,4,0,0,0,4,147,48,0,0,191
403041086,4,8,0,0,11,209,46,0,0,258
403041088,4,0,0,0,4,164,46,0,0,212
403041089,3,4,0,0,3,189,35,0,0,224
403041177,6,3,0,0,5,284,78,0,0,368
403041178,0,0,0,0,0,180,26,0,0,207
404011090,12,0,0,0,14,205,60,0,0,271
404011091,9,0,0,0,9,343,81,6,0,425
404011092,12,0,0,0,13,319,57,3,0,382
404011093,14,0,0,0,21,591,120,14,0,726
404011094,8,3,0,0,8,163,45,0,0,211
404011095,3,0,0,0,5,277,54,3,0,338
404011096,16,0,0,0,16,269,48,0,0,319
404011097,27,9,0,0,28,382,108,3,0,489
404021098,0,0,0,0,0,5,0,0,0,5
404021099,10,0,0,0,8,274,80,0,4,361
404021100,8,0,0,0,12,184,37,0,0,224
404021101,16,7,0,0,21,413,96,9,0,512
404021102,27,7,0,0,35,670,149,11,7,832
404021103,0,0,0,0,0,0,0,0,0,0
404031104,5,0,0,0,5,128,9,0,0,138
404031105,3,0,0,0,3,52,10,0,0,63
404031106,3,0,0,0,13,238,41,0,0,286
404031107,21,0,0,0,21,627,123,11,0,762
404031108,18,14,0,0,30,622,148,11,3,787
404031109,0,0,0,0,4,122,13,0,0,133
405011110,8,0,0,0,8,220,56,3,5,282
405011111,9,0,0,0,9,254,99,0,4,353
405011112,5,0,0,0,9,144,46,0,7,201
405011113,3,0,0,0,3,102,31,0,0,128
405011114,6,0,0,0,7,193,69,0,6,266
405011115,4,0,0,0,4,143,57,5,0,202
405021116,4,0,0,0,4,125,59,0,0,186
405021117,8,0,0,0,8,179,95,0,0,268
405021118,3,4,0,0,5,136,82,0,3,224
405021119,12,0,0,0,10,323,176,0,5,505
405031120,3,0,0,0,3,150,108,0,3,266
405031121,5,0,0,0,9,188,108,0,0,296
405031122,3,6,0,0,5,147,96,0,0,242
405031123,0,0,0,0,0,56,49,0,0,109
405041124,3,4,0,0,7,101,62,0,4,167
405041125,4,0,0,0,4,113,42,0,0,155
405041126,7,0,0,0,7,77,32,0,0,100
405041127,6,0,0,0,4,248,135,0,6,396
405041128,8,0,0,0,8,151,84,0,3,241
406011129,0,0,0,0,3,81,32,0,0,110
406011130,10,0,0,0,15,256,182,3,8,441
406011131,11,7,0,0,19,187,152,0,8,346
406011132,0,0,0,0,0,106,70,0,5,176
406011133,9,0,0,0,16,346,183,0,3,539
406011134,5,0,0,0,7,102,92,0,0,195
406011135,0,0,0,0,3,5,0,0,0,0
406011136,11,3,0,0,8,207,99,3,0,312
406011137,4,0,0,0,4,3,0,0,0,8
406021138,0,0,0,0,0,3,0,0,0,3
406021139,11,0,0,0,10,63,9,0,0,74
406021140,0,0,0,0,0,47,28,0,0,78
406021141,3,4,0,0,3,67,36,0,0,102
406021142,4,0,0,0,4,120,71,0,0,190
406021143,0,0,0,0,9,48,15,0,0,69
407011144,11,4,0,0,10,398,122,0,3,533
407011145,17,0,0,0,15,272,105,3,0,385
407011146,8,0,0,0,8,202,73,0,5,279
407011147,4,4,0,0,9,300,82,0,4,383
407011148,7,0,0,0,13,431,133,12,9,584
407011149,16,0,3,0,17,268,92,4,0,365
407021150,3,0,0,0,4,177,61,3,3,247
407021151,5,3,0,0,8,124,95,0,0,226
407021152,0,0,0,0,0,95,56,0,4,155
407021154,4,0,0,0,8,135,79,0,3,218
407021155,3,0,0,0,3,135,141,0,3,286
407021156,0,0,0,0,0,95,55,3,8,155
407021157,10,4,0,0,14,288,216,0,7,519
407021158,5,0,0,0,5,126,64,0,7,192
407021173,11,0,0,0,10,238,114,4,4,359
407021174,11,3,0,0,11,281,152,9,4,447
407031159,8,0,0,0,10,169,74,0,3,247
407031160,5,0,0,0,5,68,39,4,0,118
407031161,4,0,0,0,4,164,80,3,6,250
407031162,0,0,0,0,0,119,63,3,0,186
407031163,6,0,0,0,6,68,48,0,0,124
407031164,6,0,0,0,10,180,70,0,4,260
407031165,16,0,0,0,15,316,113,14,0,446
407031166,11,0,0,0,7,148,58,0,3,209
407031167,7,0,0,0,9,65,27,0,0,92
407031168,6,0,0,0,3,140,49,0,3,192
407031169,8,0,0,0,11,207,130,0,9,350
407031170,9,0,0,0,16,145,69,5,10,227
497979799,0,0,0,0,0,0,0,0,0,0
499999499,303,19,0,5,319,11712,1177,22,81,13000
501011001,28,4,0,0,29,307,80,0,3,388
501011003,22,10,0,0,32,588,197,9,9,803
501011004,23,4,0,0,29,556,111,4,0,673
501011293,19,6,0,0,25,303,158,13,5,469
501011294,11,4,0,0,16,432,152,4,0,590
501021005,10,0,0,0,14,236,44,3,0,283
501021007,14,0,0,0,12,129,61,0,0,194
501021008,3,0,0,0,4,66,21,0,0,93
501021009,4,5,0,0,9,92,60,0,0,151
501021010,8,0,0,0,8,116,49,0,0,167
501021011,3,0,0,0,7,74,65,6,0,141
501021012,4,0,0,0,8,135,37,3,0,176
501021014,7,3,0,0,13,227,75,0,3,304
501021015,5,7,0,0,10,136,86,0,5,226
501021016,3,0,0,0,7,84,32,0,3,114
501021251,3,0,0,0,8,117,25,0,0,148
501021252,3,0,0,0,3,65,15,0,0,84
501021253,20,10,0,0,28,413,209,7,0,636
501021254,0,0,0,0,0,31,4,5,0,39
501031017,6,0,0,0,11,284,126,0,8,422
501031018,7,0,0,0,12,189,69,0,0,267
501031019,10,4,0,0,18,151,85,3,0,246
501031020,9,0,0,0,14,239,98,5,0,346
502011021,7,0,0,0,5,142,18,0,0,163
502011022,7,0,0,0,10,203,57,0,0,254
502011023,13,9,0,0,22,195,81,6,0,281
502011024,21,0,0,0,21,308,79,7,0,388
502011025,19,9,0,0,30,355,176,12,0,544
502011026,4,0,0,0,8,80,24,0,0,106
502011027,16,4,0,0,17,270,55,0,0,329
502011028,5,0,0,0,5,123,20,0,0,152
502011029,8,0,0,0,8,206,76,6,8,290
503011030,10,0,0,0,10,144,30,0,0,173
503011031,16,0,0,0,16,300,81,13,0,397
503011032,9,0,0,0,12,248,52,3,0,301
503011033,8,0,0,0,8,178,46,0,0,224
503011034,12,6,0,0,16,283,46,14,0,333
503011035,29,4,0,0,34,614,188,11,0,811
503011036,16,0,0,0,18,242,25,0,0,270
503021037,0,0,0,0,0,7,3,0,0,5
503021038,18,4,0,0,18,382,96,9,0,493
503021039,15,6,0,0,13,493,118,7,0,618
503021040,12,0,0,0,15,350,57,3,0,409
503021042,37,13,0,0,45,800,276,36,0,1103
503021043,21,0,0,0,23,558,184,14,3,752
503021295,16,3,0,0,22,272,72,4,0,351
503021296,15,9,0,0,18,443,126,10,0,581
503021297,131,21,4,8,161,1397,524,365,12,2295
504011044,25,4,0,0,29,373,69,4,0,441
504011045,34,8,0,0,42,596,149,8,0,757
504011046,9,0,0,0,7,276,55,3,0,328
504011047,30,3,0,0,36,518,163,7,0,690
504011048,7,0,0,0,14,152,31,7,0,183
504021049,5,0,0,0,0,59,12,3,0,76
504021050,3,0,0,0,11,224,36,0,0,265
504021051,3,0,0,0,3,107,13,0,0,113
504021052,0,0,0,0,0,0,0,0,0,0
504021053,19,6,0,0,20,350,92,5,0,445
504021054,12,4,0,0,22,260,73,0,0,333
504031055,0,0,0,0,0,0,0,0,0,0
504031056,11,0,0,0,14,273,55,0,0,329
504031057,20,0,0,0,20,290,50,6,0,342
504031058,3,0,0,0,4,133,33,3,5,170
504031060,5,0,0,0,5,104,17,0,0,118
504031061,10,6,0,0,21,192,30,3,0,234
504031062,0,0,0,0,3,181,17,0,0,200
504031063,37,19,0,0,58,507,272,19,6,797
504031064,0,0,0,0,0,0,0,0,0,0
504031065,10,0,0,0,8,138,23,0,0,160
504031066,19,4,0,0,25,370,177,9,0,569
504031067,0,0,0,0,7,80,9,0,0,88
504031068,16,0,0,0,16,226,22,0,0,250
504031069,0,0,0,0,0,0,0,0,0,0
504031298,6,6,0,0,6,221,24,4,0,247
504031299,3,0,0,0,3,174,22,0,0,200
504031300,15,0,0,0,16,282,58,4,0,349
505011070,16,0,0,0,16,216,24,3,0,243
505011071,8,0,0,0,7,312,48,0,0,366
505011072,21,0,0,0,19,337,63,6,0,405
505011073,19,0,0,0,19,324,65,6,3,397
505011074,9,0,0,0,7,220,43,0,0,264
505011075,18,0,0,0,18,294,48,9,0,343
505011076,3,0,0,0,9,205,39,0,0,247
505011077,19,3,0,0,22,544,164,15,0,727
505011078,13,0,0,0,13,269,55,0,0,324
505011079,15,0,0,0,19,241,48,0,0,292
505011080,9,0,0,0,12,187,18,0,0,205
505011081,8,0,0,0,6,179,32,0,3,213
505011082,13,4,0,0,14,207,41,0,0,247
505011083,6,3,0,0,9,182,29,0,0,219
505021084,19,10,0,0,35,433,163,12,3,615
505021085,8,0,0,0,7,264,30,4,0,297
505021087,0,0,0,0,0,0,0,0,0,0
505021088,16,4,0,0,23,334,56,6,0,398
505021089,21,3,0,0,21,485,88,0,0,571
505021090,13,0,0,0,11,297,22,0,0,319
505021091,31,4,4,0,36,454,155,21,0,634
505021092,14,5,0,0,14,408,71,4,0,482
505021093,23,0,0,0,22,403,82,5,0,489
505021094,10,0,0,0,9,203,33,3,0,237
505021095,5,0,0,0,8,197,34,0,0,228
505021096,14,0,0,0,18,258,47,0,0,308
505021097,10,0,0,0,10,359,39,4,0,401
505021301,9,3,0,0,12,206,45,0,0,254
505021302,8,0,0,0,6,216,43,0,0,261
505031098,10,3,0,0,18,182,35,0,0,217
505031099,25,0,0,0,25,370,59,0,0,427
505031100,13,4,0,0,14,335,57,7,0,399
505031101,11,0,0,0,11,264,57,0,0,326
505031102,10,0,0,0,10,101,40,0,0,143
505031104,0,0,0,0,0,126,22,0,0,153
505031105,28,3,0,0,30,474,73,4,0,555
505031106,0,0,0,0,0,6,0,0,0,8
505031107,8,3,0,0,14,279,42,0,0,320
505031255,8,0,0,0,8,253,24,0,0,278
505031256,3,0,0,0,3,49,31,4,0,91
505031257,0,0,0,0,0,65,7,0,0,80
505031258,11,0,0,0,11,203,27,0,0,226
505031303,14,7,0,0,21,277,61,3,0,344
505031304,7,0,0,0,9,213,36,0,3,249
505031305,47,22,0,0,65,804,293,20,3,1113
505031306,14,0,0,0,15,286,66,4,0,353
506011110,19,3,0,0,25,288,74,0,0,367
506011111,0,0,0,0,0,0,0,0,0,0
506011112,3,0,0,0,8,73,19,4,0,97
506011114,10,8,0,0,19,220,79,3,4,308
506011115,14,0,0,0,15,149,25,0,0,177
506011116,15,0,0,0,13,173,56,5,0,236
506011117,3,0,0,0,3,110,18,0,0,129
506011307,6,0,0,0,6,182,12,3,0,200
506011308,20,4,0,0,21,257,56,6,0,317
506021118,21,4,0,0,24,422,84,10,0,518
506021119,27,3,0,0,32,425,94,3,0,528
506021120,6,5,0,0,10,168,32,4,4,203
506021121,13,0,0,0,17,164,19,0,3,186
506021123,16,3,0,0,21,454,121,5,3,576
506021309,11,0,0,0,11,139,27,5,0,170
506021310,5,0,0,0,5,90,14,0,0,111
506021311,7,0,0,0,8,173,35,0,0,210
506031124,27,0,0,0,32,360,69,11,0,434
506031125,10,0,0,0,10,182,27,0,0,213
506031126,38,3,0,0,40,245,87,13,0,348
506031127,24,5,0,0,28,337,79,9,0,422
506031128,10,0,0,0,10,215,33,0,0,248
506031129,9,0,0,0,8,222,48,0,0,273
506031130,30,12,0,0,47,428,115,13,0,550
506031131,22,0,0,0,28,327,115,5,0,444
506041132,13,4,0,0,15,327,73,0,0,408
506041133,19,0,0,0,19,328,59,3,0,392
506041134,14,0,0,0,12,267,53,3,0,318
506041135,14,3,0,0,18,313,58,3,0,372
506041136,22,9,0,0,28,347,120,4,0,472
506041137,13,0,0,0,13,284,56,4,0,352
506051138,13,0,0,0,19,368,84,0,3,454
506051139,11,0,0,0,11,187,46,3,0,238
506051140,10,3,0,0,11,367,82,4,0,453
506051141,11,0,0,0,14,259,89,0,4,350
506061142,18,0,0,0,24,349,72,0,0,420
506061143,13,0,0,0,7,198,46,0,3,248
506061144,14,0,0,0,11,133,42,0,3,181
506071145,9,4,0,0,13,288,67,0,0,356
506071146,7,3,0,0,11,196,26,0,0,225
506071147,20,4,0,0,29,406,114,5,3,525
507011148,19,0,0,0,19,333,53,0,0,390
507011150,19,13,0,0,31,245,123,3,0,379
507011151,0,0,0,0,0,3,0,0,0,3
507011152,5,0,0,0,5,148,22,0,0,166
507011153,5,0,0,0,5,138,20,0,0,158
507011154,15,3,0,0,14,281,55,0,0,335
507011155,10,0,0,0,10,71,15,0,0,83
507011158,0,0,0,0,0,65,14,0,0,83
507011159,18,8,0,0,23,266,86,8,0,359
507011160,10,3,0,0,7,188,43,6,0,234
507011161,11,3,0,0,13,259,46,4,0,307
507011163,3,0,0,0,9,136,43,0,0,182
507011259,8,0,0,0,8,191,40,3,0,238
507011260,18,6,0,0,22,161,47,8,0,217
507021164,4,0,0,0,3,217,43,0,0,261
507021165,44,9,0,0,51,954,212,20,0,1191
507021166,25,3,0,0,29,425,97,7,0,531
507021167,12,0,0,0,16,145,84,6,0,235
507031169,0,0,0,0,0,191,22,0,0,214
507031170,3,0,0,0,5,92,23,0,4,117
507031172,0,0,0,0,0,22,11,3,0,36
507031173,9,3,0,0,18,82,28,0,0,113
507031174,9,0,0,0,9,108,24,0,0,133
507031261,14,0,0,0,15,156,37,0,0,205
507041175,19,3,0,0,19,326,79,4,0,407
507041176,3,0,0,0,3,49,6,0,0,59
507041177,16,0,0,0,17,327,61,5,4,401
507041178,16,3,0,0,14,401,79,3,0,491
507041179,3,0,0,0,7,125,19,0,0,141
507041180,6,5,0,0,13,187,43,0,0,232
507041181,14,0,0,0,20,482,103,5,0,587
507041182,20,0,0,0,20,291,111,4,4,407
507041183,6,0,0,0,6,103,21,0,0,125
507041184,0,0,0,0,0,116,20,0,0,137
507051186,9,0,0,0,9,86,12,0,0,98
507051187,9,0,0,0,10,249,60,3,0,312
507051188,17,4,0,0,27,450,152,8,0,614
507051189,0,0,0,0,0,0,0,0,0,0
507051190,12,0,0,0,12,211,35,0,0,250
507051191,10,4,0,0,17,308,61,0,0,363
507051192,11,0,0,0,13,153,35,0,0,188
507051193,9,0,0,0,8,132,26,0,0,156
507051312,8,0,0,0,8,176,37,0,0,212
507051313,14,0,0,0,19,335,46,4,0,377
507051314,0,0,0,0,0,40,22,0,0,64
509011225,12,5,0,0,16,479,263,24,0,767
509011226,5,0,0,0,3,184,78,0,3,274
509011227,0,0,0,0,7,90,22,0,0,105
509011228,9,6,0,0,14,305,103,0,6,411
509011229,5,0,0,0,5,113,121,0,3,232
509011230,4,0,0,0,6,112,83,0,0,200
509011231,9,3,0,0,9,170,213,0,5,386
509011232,8,0,0,0,10,112,30,3,0,146
509011233,0,0,0,0,0,193,80,0,0,274
509011234,5,0,0,0,8,188,130,0,3,317
509011235,0,0,0,0,0,0,0,0,0,0
509021236,3,0,0,0,3,163,52,0,3,209
509021237,5,0,0,0,3,94,69,0,8,173
509021238,3,4,0,0,5,150,114,0,4,262
509021239,11,4,0,0,15,294,128,3,7,432
509021240,4,0,0,0,4,124,90,0,4,223
509021241,6,0,0,0,5,142,118,0,5,263
509021242,4,0,0,0,0,139,94,0,3,235
509021243,8,3,0,0,11,210,82,3,5,295
509021244,3,3,0,0,8,130,38,0,0,166
509021245,0,0,0,0,5,161,76,3,4,244
509031246,6,0,0,0,4,123,96,0,0,217
509031247,7,0,0,0,11,202,238,0,6,455
509031248,4,0,0,0,4,63,23,0,0,86
509031249,0,0,0,0,4,92,56,0,0,149
509031250,4,4,0,0,6,189,173,0,3,358
510011262,13,0,0,0,15,293,107,0,0,412
510011263,5,5,0,0,9,49,18,0,0,65
510011264,0,0,0,0,0,8,6,0,0,18
510011265,3,0,0,0,3,86,53,3,0,141
510011266,0,0,0,0,0,15,3,3,0,18
510021267,13,0,0,0,13,76,6,3,0,90
510021268,0,0,0,0,0,40,5,0,0,45
510021269,12,5,0,0,11,88,33,0,0,118
510021270,0,0,0,0,0,93,16,0,0,109
510031271,12,4,0,0,13,123,31,0,0,153
510031272,9,3,0,0,10,181,51,0,6,237
510031273,0,0,0,0,0,49,9,0,0,59
511011274,19,0,0,0,20,262,160,0,0,427
511011275,9,0,0,4,11,165,178,3,8,352
511021276,9,0,0,0,9,135,80,3,0,218
511021277,12,0,0,0,12,123,67,6,6,201
511031278,3,0,0,0,7,73,34,0,0,106
511031279,11,3,0,0,14,180,102,4,0,287
511031280,4,0,0,0,4,66,12,4,0,88
511031281,0,0,0,0,0,0,0,0,0,5
511031282,5,0,0,0,5,45,9,0,0,61
511031283,6,0,0,0,10,59,11,0,6,74
511031284,0,0,0,0,0,0,0,0,0,0
511041285,15,0,0,0,13,347,211,14,3,575
511041286,10,3,0,0,16,111,35,0,0,146
511041287,0,0,0,0,0,104,28,0,4,137
511041288,3,0,0,0,3,120,36,0,0,154
511041289,5,0,0,0,9,84,43,0,0,129
511041290,9,0,0,0,9,77,25,0,0,107
511041291,4,0,0,0,6,133,120,0,5,257
511041292,13,3,0,0,16,199,133,0,0,337
597979799,7,0,0,0,7,18,4,0,0,17
599999499,486,35,4,7,535,15566,1650,50,78,17340
601011001,6,0,0,0,3,64,23,5,0,91
601011002,7,0,0,0,7,105,53,0,0,151
601011003,0,0,0,0,0,71,9,0,0,82
601021004,4,0,0,0,4,181,57,4,0,243
601021005,15,3,0,0,13,247,73,7,0,331
601021006,0,0,0,0,0,47,19,0,0,65
601021007,4,0,0,0,4,179,27,0,0,207
601021008,5,0,0,0,5,147,30,0,0,178
601021009,4,3,0,0,9,103,41,0,0,140
601021010,0,0,0,0,0,27,6,0,0,36
601021011,3,0,0,0,3,79,25,0,0,106
601021012,0,0,0,0,0,112,33,0,0,144
601031013,0,0,0,0,0,74,8,0,0,83
601031014,4,0,0,0,4,85,13,0,0,102
601031015,0,0,0,0,0,101,35,0,0,135
601031016,3,4,0,0,8,156,44,6,0,209
601031017,12,0,0,0,18,201,82,0,3,290
601031018,0,0,0,0,0,71,15,5,0,87
601031019,11,3,0,0,15,272,93,0,0,370
601031020,5,4,0,0,7,107,43,0,0,151
601031021,0,0,0,0,0,43,17,0,0,54
601041022,12,0,0,0,9,325,101,0,3,435
601041023,9,0,0,0,12,252,49,0,0,304
601041024,7,0,0,0,11,209,52,0,3,271
601041025,0,0,0,0,0,0,0,0,0,0
601041026,0,0,0,0,0,106,20,0,0,125
601051027,36,5,0,0,37,953,360,53,0,1366
601051028,9,0,0,0,9,205,38,0,0,246
601051029,4,0,0,0,8,83,17,0,0,105
601051030,5,0,0,0,6,180,41,0,0,220
601051031,10,0,0,0,13,330,90,3,0,425
601051032,6,0,0,0,8,241,37,3,0,279
601051033,0,0,0,0,4,164,24,0,3,194
601061034,3,0,0,0,6,190,42,0,0,233
601061035,8,0,0,0,9,245,87,0,4,344
602011036,7,3,0,0,4,140,73,6,0,214
602011037,3,0,0,0,3,102,29,0,0,137
602011038,9,7,0,0,20,408,284,27,0,719
602011039,0,0,0,0,0,107,30,4,0,140
602011040,0,0,0,0,0,57,17,3,0,72
602011041,0,0,0,0,0,76,18,0,0,92
602011042,10,0,0,0,10,108,32,11,0,151
602011043,4,0,0,0,4,55,15,0,0,71
602011044,8,0,0,0,8,98,35,0,0,131
602011045,0,0,0,0,3,26,9,0,0,41
602011046,0,0,0,0,0,128,28,0,0,155
602011047,0,0,0,0,0,122,44,0,0,167
602011048,0,0,0,0,4,88,19,6,0,118
602011049,6,0,0,0,6,90,10,0,0,101
602011050,0,0,0,0,0,64,17,0,0,85
602011051,0,0,0,0,0,88,5,0,0,99
602011052,5,4,0,0,5,93,22,0,0,119
602021053,0,0,0,0,5,73,25,0,0,97
602021054,9,0,0,0,17,251,102,4,7,363
602021055,10,0,0,0,10,149,41,0,0,194
602021056,4,0,0,0,4,61,27,0,0,86
602021057,8,0,0,0,9,138,52,0,0,191
602031058,5,0,0,0,3,131,32,0,0,161
602031059,3,0,0,0,5,115,33,0,0,146
602031060,0,0,0,0,0,83,39,4,4,129
602031061,9,0,0,0,8,104,51,5,0,159
602031062,0,0,0,0,0,119,29,0,0,150
602031064,12,0,0,0,18,234,73,0,3,310
602031099,0,0,0,0,0,57,25,0,0,78
602031100,0,0,0,0,0,193,123,0,3,321
603011065,0,0,0,0,0,50,50,3,0,104
603011066,5,0,0,0,7,62,23,0,0,89
603011067,6,4,0,0,13,174,74,4,8,251
603011068,0,0,0,0,0,0,0,0,0,0
603021069,3,0,0,0,5,134,50,0,0,185
603021070,6,0,0,0,6,224,39,4,0,274
603021071,10,0,0,0,10,134,27,0,3,166
603021072,6,0,0,0,9,280,75,5,3,367
603031073,6,6,0,0,7,91,30,0,0,128
603031074,7,0,0,0,6,149,51,0,6,210
604011075,0,0,0,0,0,21,7,0,0,28
604011076,0,0,0,0,0,135,54,0,5,194
604011077,9,4,0,0,6,123,83,0,0,203
604011078,5,0,0,0,5,99,41,5,0,140
604011079,7,0,0,0,7,117,34,0,0,148
604011080,3,0,0,0,3,31,10,0,0,41
604011081,0,0,0,0,0,49,25,0,0,73
604011082,7,5,0,0,11,149,70,5,0,220
604011083,0,0,0,0,0,53,14,0,0,69
604011084,4,0,0,0,4,107,42,0,0,152
604021085,9,0,0,0,13,284,111,6,0,406
604021086,0,0,0,0,0,69,26,0,0,93
604021087,4,0,0,0,4,90,38,3,0,133
604021088,0,0,0,0,0,49,17,0,0,60
604021089,6,0,0,0,6,115,41,0,0,161
604021090,0,0,0,0,0,80,34,0,0,114
604021091,3,0,0,0,3,186,35,0,6,227
604021092,0,0,0,0,0,78,8,0,0,90
604031093,7,0,0,0,7,89,24,0,0,111
604031094,7,0,0,0,7,125,118,0,3,243
604031095,0,4,0,0,4,73,46,0,3,124
604031096,3,0,0,0,3,90,39,0,0,131
604031097,4,0,0,0,4,50,29,0,0,78
604031098,0,0,0,0,0,0,0,0,0,0
697979799,0,0,0,0,0,3,3,0,0,3
699999499,72,5,0,3,86,3058,378,5,32,3478
701011001,3,0,0,0,3,27,4,0,0,28
701011002,19,4,0,0,20,234,109,5,0,350
701011003,0,0,0,0,0,0,0,0,0,0
701011004,4,0,0,0,4,68,14,0,0,80
701011005,4,0,0,0,4,54,12,0,0,59
701011006,5,0,0,0,5,42,0,0,0,43
701011007,3,0,0,0,3,91,23,0,0,113
701011008,4,0,0,0,4,65,20,0,0,83
701011009,6,3,0,0,6,150,66,5,0,222
701021010,0,0,0,0,0,29,3,0,0,28
701021011,0,0,0,0,0,30,3,0,0,29
701021012,7,0,0,0,8,90,30,0,0,122
701021013,0,0,0,0,4,85,29,0,0,120
701021014,0,0,0,0,0,0,0,0,0,0
701021015,0,0,0,0,0,0,0,0,0,0
701021016,0,3,0,0,3,59,39,0,0,97
701021017,0,0,0,0,0,16,3,0,0,22
701021018,0,0,0,0,0,29,8,0,0,39
701021019,0,0,0,0,0,45,9,3,0,58
701021020,6,0,0,0,7,61,23,0,0,86
701021021,0,0,0,0,0,48,10,0,0,60
701021022,0,0,0,0,0,63,12,0,0,76
701021023,0,0,0,0,0,48,18,0,0,66
701021024,0,0,0,0,0,34,3,0,0,35
701021025,0,0,0,0,0,68,10,0,0,73
701021026,3,0,0,0,3,54,5,0,0,63
701021027,7,0,0,0,6,61,13,0,0,77
701021028,0,0,0,0,0,28,13,0,0,42
701021029,0,0,0,0,0,34,7,0,0,42
701021030,0,0,0,0,0,35,10,0,0,35
701031031,0,0,0,0,9,77,26,0,0,103
701031032,8,0,0,0,14,170,39,0,4,220
701031033,0,0,0,0,0,3,0,0,0,3
701031034,11,0,0,0,9,77,20,0,0,94
701031035,7,3,0,0,10,117,26,0,6,150
701041036,3,0,0,0,3,35,3,0,0,44
701041037,0,0,0,0,0,26,6,0,0,22
701041038,4,0,0,0,4,65,26,0,0,96
701041039,4,0,0,0,4,25,0,0,0,31
701041040,0,0,0,0,0,17,0,0,0,20
701041041,3,0,0,0,6,101,54,0,0,151
701041042,3,0,0,0,5,73,12,0,0,90
701041043,4,0,0,0,4,58,10,0,0,71
701041044,0,0,0,0,0,39,4,0,0,42
702011045,4,0,0,0,4,176,88,3,0,273
702011046,3,0,0,0,3,69,5,0,0,75
702011047,4,0,0,0,4,53,8,0,0,65
702011048,5,0,0,0,5,27,6,0,0,33
702011049,0,0,0,0,0,36,8,4,0,48
702011050,0,0,0,0,0,12,7,0,0,17
702011051,5,0,0,0,5,36,9,0,0,43
702011052,0,0,0,0,0,12,0,0,0,15
702011053,0,0,0,0,0,9,0,0,0,8
702011054,0,0,0,0,0,5,0,0,0,3
702021055,0,0,0,0,0,9,3,0,0,10
702021056,0,0,0,0,0,19,10,0,0,33
702031057,5,0,0,0,8,106,16,0,11,129
702031058,0,0,0,0,0,18,6,0,0,24
702031059,0,0,0,0,0,3,0,0,0,3
702031060,0,0,0,0,0,3,0,0,0,4
702031061,0,0,0,0,0,3,0,0,0,5
702041062,0,0,0,0,0,6,7,0,0,17
702041063,0,0,0,0,0,18,5,0,0,25
702041064,4,0,0,0,3,39,9,5,0,51
702051065,0,0,0,0,0,12,13,0,0,25
702051066,0,0,0,0,0,17,0,0,0,17
702051067,4,0,0,0,4,131,49,0,6,183
702051068,0,0,0,0,0,9,4,0,0,16
797979799,0,0,0,0,0,3,0,0,0,3
799999499,25,4,0,0,33,797,104,4,13,924
801011001,0,0,0,0,0,51,10,0,0,51
801011002,3,0,0,0,3,207,54,5,0,274
801011003,0,0,0,0,0,128,25,5,0,158
801011004,0,0,0,0,0,37,10,0,0,44
801011005,3,0,0,0,3,53,5,0,0,55
801011006,0,0,0,0,0,77,7,0,0,79
801011007,3,0,0,0,3,73,13,0,0,86
801011008,3,0,0,0,3,58,5,0,0,61
801011009,0,0,0,0,0,60,7,0,0,60
801011010,0,0,0,0,0,31,5,4,0,43
801011011,3,0,0,0,3,44,5,0,0,48
801011012,0,0,0,0,0,0,0,0,0,0
801011013,0,0,0,0,0,63,8,0,0,72
801011014,0,0,0,0,0,41,5,0,0,46
801011015,0,0,0,0,0,60,22,0,0,81
801011016,0,0,0,0,4,113,18,0,0,124
801011017,0,0,0,0,0,52,3,0,0,56
801011018,0,0,0,0,0,21,0,0,0,19
801011019,0,0,0,0,0,75,9,0,0,88
801011020,3,0,0,0,3,36,18,0,0,58
801011021,0,0,0,0,0,21,7,0,0,31
801011022,0,0,0,0,0,44,11,0,0,54
801011023,0,0,0,0,0,34,3,0,0,42
801011024,0,0,0,0,0,35,6,0,0,46
801011025,0,0,0,0,0,45,9,0,0,50
801011026,0,0,0,0,0,39,3,0,0,42
801011111,0,0,0,0,0,0,0,0,0,0
801011142,0,0,0,0,0,0,0,0,0,0
801011143,0,0,0,0,0,9,0,0,0,10
801011144,0,0,0,0,0,3,0,0,0,5
801031031,0,0,0,0,0,92,22,6,0,119
801031032,0,0,0,0,0,0,0,0,0,3
801031113,4,0,0,0,4,46,8,3,0,59
801031114,4,0,0,0,6,50,4,11,0,63
801031115,6,0,0,0,5,31,7,3,0,45
801041034,0,0,0,0,0,74,10,0,0,80
801041035,0,0,0,0,0,62,4,0,0,73
801041036,0,0,0,0,0,60,8,0,0,71
801041037,0,0,0,0,0,53,0,0,0,60
801041038,0,0,0,0,0,39,5,3,0,45
801041039,0,0,0,0,0,59,6,0,0,68
801041040,5,0,0,0,8,141,27,5,0,173
801041043,0,0,0,0,0,5,6,0,0,11
801041044,0,0,0,0,0,70,6,0,0,79
801041045,6,0,0,0,6,95,42,9,0,142
801041046,0,0,0,0,0,124,15,0,0,134
801041047,4,0,0,0,3,80,21,0,0,102
801041048,0,0,0,0,0,56,10,0,0,66
801041116,0,0,0,0,0,0,0,0,0,0
801041117,0,0,0,0,0,0,0,0,0,0
801041118,0,0,0,0,0,9,0,0,0,9
801041119,0,0,0,0,0,0,0,0,0,0
801041120,0,0,0,0,0,42,6,0,0,45
801041121,0,0,0,0,0,26,4,0,0,27
801041122,0,0,0,0,0,21,5,0,0,25
801051049,6,0,0,0,6,64,5,0,0,70
801051050,0,0,0,0,0,115,10,0,0,127
801051051,0,0,0,0,0,114,22,8,0,143
801051053,17,0,3,0,24,343,89,89,0,516
801051054,0,0,0,0,0,90,43,4,0,142
801051055,0,0,0,0,0,61,6,0,0,62
801051056,0,0,0,0,0,49,4,0,0,55
801051057,0,0,0,0,0,91,25,0,0,120
801051058,0,0,0,0,0,100,13,0,0,115
801051060,0,0,0,0,0,78,9,0,0,89
801051061,3,0,0,0,3,107,13,0,0,127
801051123,0,0,0,0,0,0,0,0,0,3
801051124,0,0,0,0,0,61,10,0,0,72
801051125,0,0,0,0,0,9,3,0,0,8
801051126,0,0,0,0,0,9,5,0,0,16
801051127,0,0,0,0,0,34,6,0,0,38
801051128,0,0,0,0,0,26,4,0,0,33
801061062,0,0,0,0,0,148,53,5,0,204
801061063,3,0,0,0,3,62,12,28,0,95
801061064,3,0,0,0,9,123,45,7,0,170
801061066,0,0,0,0,0,0,0,0,0,0
801061067,6,0,0,0,6,86,11,0,0,100
801061068,0,0,0,0,0,23,3,6,0,32
801061069,0,0,0,0,0,45,7,0,0,48
801061070,4,0,0,0,4,43,11,0,0,55
801061129,6,0,0,0,8,88,13,16,0,117
801061130,10,0,0,0,8,239,138,10,0,384
801061131,0,0,0,0,4,121,33,12,5,171
801071071,0,0,0,0,0,45,0,0,0,45
801071072,0,0,0,0,0,36,8,0,0,42
801071073,0,0,0,0,0,78,4,0,0,85
801071074,0,0,0,0,0,58,12,0,0,72
801071075,0,0,0,0,0,38,9,0,0,48
801071076,0,0,0,0,0,42,4,0,0,52
801071077,0,0,0,0,0,29,9,0,0,35
801071078,0,0,0,0,0,73,12,0,0,84
801071079,0,0,0,0,0,24,0,0,0,26
801071080,10,0,0,0,8,95,34,0,0,137
801071081,0,0,0,0,0,57,5,0,0,63
801071082,4,0,0,0,4,202,39,0,0,247
801071083,0,0,0,0,0,13,0,0,0,11
801071084,0,0,0,0,0,55,11,0,0,66
801071085,0,0,0,0,0,0,0,0,0,0
801071086,0,0,0,0,0,15,0,0,0,19
801071087,0,0,0,0,0,37,6,0,0,43
801071088,0,0,0,0,0,45,6,0,0,53
801071089,0,0,0,0,0,0,3,0,0,3
801071090,0,0,0,0,4,110,30,0,0,134
801071132,0,0,0,0,0,0,0,0,0,0
801081091,0,0,0,0,0,46,5,0,0,57
801081092,0,0,0,0,0,41,5,0,0,46
801081093,0,0,0,0,0,53,3,0,0,56
801081094,0,0,0,0,0,34,4,0,0,34
801081095,0,0,0,0,0,39,3,0,0,42
801081096,0,0,0,0,0,22,0,0,0,22
801081097,0,0,0,0,0,38,7,0,0,44
801081098,0,0,0,0,0,67,27,0,0,98
801081133,0,0,0,0,0,0,0,0,0,0
801091099,0,0,0,0,0,36,0,0,0,35
801091100,0,0,0,0,0,76,14,0,0,89
801091101,0,0,0,0,0,46,11,0,0,62
801091102,4,0,0,0,4,104,23,0,0,129
801091103,0,0,0,0,0,48,7,0,0,50
801091104,0,0,0,0,0,28,3,0,0,30
801091105,0,0,0,0,0,25,7,0,0,33
801091106,0,0,0,0,0,56,15,0,0,69
801091107,0,0,0,0,0,17,0,0,0,13
801091108,0,0,0,0,0,45,5,0,0,59
801091109,9,5,0,0,11,158,55,5,0,227
801091110,0,0,0,0,0,28,10,0,0,37
801101134,0,0,0,0,0,0,5,0,0,4
801101135,0,0,0,0,5,49,7,0,0,50
801101136,0,0,0,0,0,20,4,0,0,23
801101137,0,0,0,0,0,0,0,0,0,0
801101139,5,0,0,0,5,28,6,0,0,32
801101145,0,0,0,0,0,0,0,0,0,0
801101146,0,0,0,0,0,4,0,0,0,4
801111140,0,0,0,0,0,7,12,0,0,17
801111141,0,0,0,0,0,0,0,0,0,0
897979799,0,0,0,0,0,0,0,0,0,0
899999499,35,0,0,0,42,1712,157,8,10,1887
901011001,7,0,0,0,7,34,14,0,0,47
901021002,0,0,0,0,0,6,0,0,0,5
901031003,0,0,0,0,0,3,4,0,0,7
901041004,6,0,0,0,6,101,70,0,0,171
997979799,0,0,0,0,0,0,0,0,0,0
999999499,3,0,0,0,6,39,4,0,0,51
